Traveler Registration & Vehicle Rental Overview;;;;;;;;;;;;;;;;;;;;;;;;;
Synthetic Master Dataset Ñ Travel Window (June 15 Ð August 31);;;;;;;;;;;;;;;;;;;;;;;;;
;;;;;;;;;;;;;;;;;;;;;;;;;
National ID;Name;Surname;Nationality;Flight ID;Arrival Day;Departure Day;Total Days;Destination Country;Rent Car;Credit Card Number;Credit Card Country Issued;Plate Number;;;;;;;;;;;;;
ID30868105;James;Smith;Australian;AF204;2026-06-26;2026-07-03;7;Eswatini;Yes;4367-6635-5333-1711;Eswatini;;;;;;;;;;;;;;
ID81971316;Emma;Johnson;British;EK180;2026-07-22;2026-08-01;10;Congo;No;4591-4150-2139-1750;British;;;;;;;;;;;;;;
ID48840994;Liam;Williams;British;BA987;2026-06-27;2026-07-04;7;Papua New Guinea;No;4464-6977-3664-7065;Papua New Guinea;;;;;;;;;;;;;;
ID38119557;Olivia;Brown;German;DL723;2026-07-06;2026-07-15;9;Pennsylvania;Yes;4167-8573-7216-5422;German;;;;;;;;;;;;;;
ID53524491;Noah;Jones;American;BA941;2026-06-19;2026-06-25;6;Myanmar;No;4274-2084-4456-6155;American;;;;;;;;;;;;;;
ID97971488;Ava;Garcia;Italian;EK758;2026-08-12;2026-08-15;3;Pennsylvania;No;4142-5040-9830-5304;Pennsylvania;;;;;;;;;;;;;;
ID88320463;Ethan;Miller;Japanese;AF324;2026-07-02;2026-07-11;9;Congo;No;4093-1771-2796-3504;Japanese;;;;;;;;;;;;;;
ID66661351;Sophia;Davis;Dutch;DL494;2026-08-02;2026-08-12;10;Sri Lanka;No;4541-5119-1188-2876;Sri Lanka;;;;;;;;;;;;;;
ID96028436;Mason;Rodriguez;French;DL400;2026-08-09;2026-08-12;3;Pennsylvania;No;4003-5315-9201-3927;French;;;;;;;;;;;;;;
ID93926371;Isabella;Martinez;German;QF723;2026-07-10;2026-07-13;3;Papua New Guinea;No;4780-3646-9837-9689;German;;;;;;;;;;;;;;
ID90388981;Lucas;Hernandez;French;SQ119;2026-06-29;2026-07-05;6;Myanmar;No;4245-1949-4946-2290;French;;;;;;;;;;;;;;
ID75228535;Mia;Lopez;British;QF884;2026-07-01;2026-07-04;3;Myanmar;No;4969-3705-5342-9645;Myanmar;;;;;;;;;;;;;;
ID38427073;Oliver;Gonzalez;Spanish;BA830;2026-07-24;2026-07-31;7;Myanmar;No;4448-9479-8397-2982;Spanish;;;;;;;;;;;;;;
ID40158366;Charlotte;Wilson;British;AF121;2026-07-14;2026-07-24;10;Sri Lanka;Yes;4007-2163-1964-4750;British;;;;;;;;;;;;;;
ID14216175;Alexander;Anderson;French;DL626;2026-07-15;2026-07-20;5;Papua New Guinea;No;4219-9834-3167-8744;French;;;;;;;;;;;;;;
ID73481353;Amelia;Thomas;Japanese;BA196;2026-06-27;2026-07-04;7;Myanmar;No;4433-7735-8651-1887;Japanese;;;;;;;;;;;;;;
ID18135295;Elijah;Taylor;Japanese;AF919;2026-06-28;2026-07-02;4;Pennsylvania;Yes;4194-9786-8350-3296;Pennsylvania;;;;;;;;;;;;;;
ID34627347;Harper;Moore;German;SQ355;2026-06-24;2026-07-02;8;Mozambique;Yes;4051-9856-1241-2528;German;;;;;;;;;;;;;;
ID32321899;Benjamin;Jackson;Japanese;SQ592;2026-07-12;2026-07-19;7;Lesotho;Yes;4168-7209-1035-7396;Lesotho;;;;;;;;;;;;;;
ID71070189;Evelyn;Martin;German;EK813;2026-08-16;2026-08-19;3;Mozambique;Yes;4303-4566-1958-9883;German;;;;;;;;;;;;;;
ID88000918;Oliver;Wright;Mexican;SQ149;2026-08-18;2026-08-22;4;Lesotho;No;4497-4479-6390-8175;Mexican;;;;;;;;;;;;;;
ID44257992;Oliver;Hernandez;Canadian;SQ888;2026-07-31;2026-08-04;4;Canada;No;4244-7617-7918-4412;Canadian;;;;;;;;;;;;;;
ID67734297;Camila;Martin;Japanese;DL767;2026-07-27;2026-08-01;5;Spain;No;4234-7929-2258-7628;Spain;;;;;;;;;;;;;;
ID10874911;Camila;Wilson;Belgian;DL453;2026-06-17;2026-06-23;6;Italy;Yes;4268-3512-1566-8074;Belgian;;;;;;;;;;;;;;
ID47278149;Noah;Martinez;Portuguese;KL845;2026-07-31;2026-08-10;10;Canada;Yes;4510-9362-6100-3968;Portuguese;;;;;;;;;;;;;;
ID21282522;Noah;Williams;Austrian;AF647;2026-08-10;2026-08-12;2;Australia;Yes;4702-3929-4290-9967;Australia;;;;;;;;;;;;;;
ID28711156;Ava;Martinez;Dutch;AF484;2026-06-23;2026-06-24;1;South Africa;No;4474-1941-4154-5565;South Africa;;;;;;;;;;;;;;
ID22164021;Harper;Martinez;Spanish;SQ309;2026-08-08;2026-08-10;2;United Kingdom;No;4250-2566-5597-3884;Spanish;;;;;;;;;;;;;;
ID11898443;Ella;Flores;Swedish;KL683;2026-06-20;2026-06-26;6;Lesotho;No;4482-4207-9771-6166;Lesotho;;;;;;;;;;;;;;
ID12485920;Mason;Jackson;Mexican;KL473;2026-08-05;2026-08-12;7;Myanmar;Yes;4528-2086-4541-3426;Mexican;;;;;;;;;;;;;;
ID29576175;Emily;Davis;Mexican;AA558;2026-07-10;2026-07-16;6;United Kingdom;Yes;4130-8510-9943-6215;United Kingdom;;;;;;;;;;;;;;
ID50415979;Elijah;Thomas;Swiss;BA565;2026-07-23;2026-07-24;1;Lesotho;Yes;4592-6613-8188-8184;Swiss;;;;;;;;;;;;;;
ID46102697;Victoria;Wilson;British;QR576;2026-06-22;2026-06-23;1;Brazil;No;4683-5491-3350-8985;British;;;;;;;;;;;;;;
ID14778849;Harper;Hill;Australian;CX188;2026-08-11;2026-08-17;6;United Kingdom;Yes;4150-8693-7834-2780;United Kingdom;;;;;;;;;;;;;;
ID10858202;Amelia;Thompson;Japanese;KL915;2026-06-27;2026-07-01;4;Mozambique;Yes;4176-4144-8352-3244;Japanese;;;;;;;;;;;;;;
ID35404722;Scarlett;Allen;Italian;DL706;2026-08-21;2026-08-22;1;Japan;Yes;4590-8880-3111-2797;Italian;;;;;;;;;;;;;;
ID15493318;Owen;Flores;Austrian;CX994;2026-06-26;2026-07-01;5;Spain;Yes;4716-1976-2907-5722;Austrian;;;;;;;;;;;;;;
ID22924735;Evelyn;Jackson;Italian;UA840;2026-08-03;2026-08-12;9;Spain;Yes;4815-6448-1531-4934;Spain;;;;;;;;;;;;;;
ID62250382;Amelia;Walker;Italian;BA517;2026-07-04;2026-07-14;10;Eswatini;No;4449-8977-4173-5485;Italian;;;;;;;;;;;;;;
ID35616877;Emily;Williams;Italian;LH638;2026-07-18;2026-07-19;1;Spain;Yes;4260-7050-8505-5322;Italian;;;;;;;;;;;;;;
ID70840782;Evelyn;Garcia;French;KL121;2026-08-01;2026-08-09;8;Myanmar;No;4044-6799-1928-4797;French;;;;;;;;;;;;;;
ID60987621;Mason;Young;Portuguese;EY206;2026-07-08;2026-07-15;7;Australia;No;4377-4514-5661-7509;Portuguese;;;;;;;;;;;;;;
ID32049451;Scarlett;Young;Dutch;BA530;2026-08-21;2026-08-22;1;Myanmar;Yes;4730-1175-9026-5686;Myanmar;;;;;;;;;;;;;;
ID93974922;Abigail;Flores;Dutch;UA473;2026-08-15;2026-08-19;4;Sri Lanka;No;4760-2048-7366-2659;Sri Lanka;;;;;;;;;;;;;;
ID23090888;Matthew;Brown;Swedish;LH934;2026-07-29;2026-08-05;7;Eswatini;Yes;4568-4828-9827-9354;Eswatini;;;;;;;;;;;;;;
ID66176062;Mia;Brown;Mexican;CX954;2026-06-28;2026-06-29;1;Eswatini;No;4839-3593-9668-3068;Eswatini;;;;;;;;;;;;;;
ID81016692;Samuel;Nguyen;Italian;QF676;2026-06-26;2026-06-30;4;Sri Lanka;Yes;4572-4075-8803-2955;Italian;;;;;;;;;;;;;;
ID74724952;Sienna;Martin;French;UA290;2026-07-05;2026-07-13;8;Brazil;No;4811-1975-3806-6873;French;;;;;;;;;;;;;;
ID86432146;Elijah;Lopez;American;AA429;2026-06-19;2026-06-22;3;France;Yes;4957-3610-7708-5031;American;;;;;;;;;;;;;;
ID53019285;Isabella;Nguyen;Brazilian;AF974;2026-08-03;2026-08-09;6;Lesotho;No;4301-5682-9459-7918;Brazilian;;;;;;;;;;;;;;
ID98638016;Isabella;Smith;Portuguese;DL640;2026-08-09;2026-08-12;3;France;Yes;4456-9084-4434-3053;Portuguese;;;;;;;;;;;;;;
ID20792253;Jack;Sanchez;American;LH279;2026-07-01;2026-07-10;9;Spain;Yes;4944-6802-2341-3900;American;;;;;;;;;;;;;;
ID84638575;Evelyn;Smith;French;AA495;2026-07-31;2026-08-09;9;Mozambique;No;4716-3464-4789-6942;French;;;;;;;;;;;;;;
ID11648181;Sienna;Robinson;Italian;LH551;2026-07-26;2026-07-28;2;Brazil;No;4363-1636-6698-8990;Italian;;;;;;;;;;;;;;
ID19700653;Abigail;Thompson;Austrian;AF170;2026-06-22;2026-06-24;2;Australia;No;4307-4654-5498-4564;Austrian;;;;;;;;;;;;;;
ID82023834;Oliver;Rodriguez;Danish;QF392;2026-07-19;2026-07-29;10;Papua New Guinea;Yes;4365-1456-4007-7794;Papua New Guinea;;;;;;;;;;;;;;
ID89945100;Benjamin;White;Austrian;AF864;2026-07-03;2026-07-10;7;United Kingdom;Yes;4444-2006-1387-6055;United Kingdom;;;;;;;;;;;;;;
ID36247458;Amelia;Perez;French;DL798;2026-07-24;2026-07-26;2;Germany;No;4155-6678-1296-4621;French;;;;;;;;;;;;;;
ID14554546;Scarlett;Smith;Dutch;KL693;2026-08-05;2026-08-07;2;Australia;No;4776-2607-7567-7270;Australia;;;;;;;;;;;;;;
ID55035144;Jack;Jones;Austrian;DL365;2026-07-24;2026-08-02;9;Canada;Yes;4428-4256-3527-1333;Austrian;;;;;;;;;;;;;;
ID75582651;Lucas;Davis;Canadian;QF910;2026-07-05;2026-07-14;9;Germany;Yes;4767-7233-8590-2241;Canadian;;;;;;;;;;;;;;
ID48098629;Emily;Hernandez;Canadian;QR304;2026-07-20;2026-07-21;1;Eswatini;No;4989-1913-7642-1529;Canadian;;;;;;;;;;;;;;
ID66594085;Scarlett;Williams;Belgian;BA233;2026-07-09;2026-07-17;8;Congo;No;4154-7937-3887-7230;Congo;;;;;;;;;;;;;;
ID77139662;Ava;Miller;Danish;AA519;2026-07-04;2026-07-13;9;Australia;Yes;4692-5167-9619-8465;Danish;;;;;;;;;;;;;;
ID34417900;Ethan;Lewis;French;BA819;2026-07-13;2026-07-14;1;United Kingdom;Yes;4132-6082-4338-6466;French;;;;;;;;;;;;;;
ID74768230;Ava;Davis;British;KL318;2026-07-16;2026-07-24;8;South Africa;No;4115-6892-2069-4968;South Africa;;;;;;;;;;;;;;
ID49449948;Mia;Brown;Polish;QR555;2026-07-08;2026-07-13;5;Congo;Yes;4865-1625-2977-2119;Polish;;;;;;;;;;;;;;
ID28858096;Luna;Sanchez;Dutch;KL155;2026-06-22;2026-06-25;3;South Africa;Yes;4508-8154-5461-2841;South Africa;;;;;;;;;;;;;;
ID54180718;Isabella;Perez;Swedish;JL720;2026-07-15;2026-07-21;6;Sri Lanka;Yes;4641-8289-7970-5114;Swedish;;;;;;;;;;;;;;
ID83439410;Alexander;Gonzalez;British;UA556;2026-08-15;2026-08-21;6;South Africa;No;4114-8523-5594-6810;South Africa;;;;;;;;;;;;;;
ID43982960;Jack;Thomas;Swiss;AF311;2026-07-28;2026-07-29;1;United Kingdom;Yes;4327-4798-2691-7666;United Kingdom;;;;;;;;;;;;;;
ID33863480;Emily;Taylor;Italian;QR637;2026-06-19;2026-06-20;1;Italy;Yes;4433-9508-2782-5104;Italian;;;;;;;;;;;;;;
ID72000056;James;Moore;German;KL913;2026-08-04;2026-08-14;10;Germany;Yes;4562-2734-5726-3189;German;;;;;;;;;;;;;;
ID34375502;Sienna;Garcia;Italian;AA470;2026-07-18;2026-07-23;5;Canada;Yes;4231-9033-8606-7747;Italian;;;;;;;;;;;;;;
ID36279427;Harper;Wright;Austrian;EK754;2026-07-28;2026-07-31;3;Brazil;No;4689-2863-5008-7004;Brazil;;;;;;;;;;;;;;
ID78251084;Camila;Miller;American;LH542;2026-08-15;2026-08-21;6;Italy;No;4735-3929-6252-3167;American;;;;;;;;;;;;;;
ID51184726;Isabella;Flores;Belgian;QF767;2026-08-07;2026-08-15;8;France;No;4906-9510-2938-9911;Belgian;;;;;;;;;;;;;;
ID73602242;Olivia;Anderson;Mexican;AF732;2026-07-13;2026-07-21;8;France;No;4328-8411-7142-9904;France;;;;;;;;;;;;;;
ID17842357;Scarlett;White;Belgian;JL485;2026-07-04;2026-07-11;7;Germany;No;4170-9402-7444-9123;Germany;;;;;;;;;;;;;;
ID74973692;Aiden;Flores;Danish;EK180;2026-06-29;2026-06-30;1;Congo;Yes;4229-8873-4633-6320;Danish;;;;;;;;;;;;;;
ID17884818;James;Anderson;British;BA746;2026-07-20;2026-07-28;8;France;No;4905-8182-2196-6897;British;;;;;;;;;;;;;;
ID28306726;Samuel;Wright;British;SQ249;2026-06-23;2026-06-30;7;Canada;No;4707-3209-9703-1760;British;;;;;;;;;;;;;;
ID91953544;Lucas;Davis;French;QF414;2026-08-18;2026-08-27;9;Mozambique;No;4429-4835-3864-2088;Mozambique;;;;;;;;;;;;;;
ID39729227;Luna;Young;Polish;KL253;2026-08-15;2026-08-23;8;Italy;No;4899-5889-3732-5578;Italy;;;;;;;;;;;;;;
ID46489583;Sienna;King;Spanish;QF716;2026-07-10;2026-07-19;9;Canada;Yes;4427-1867-7721-2153;Canada;;;;;;;;;;;;;;
ID20918835;James;White;Swedish;AF512;2026-07-13;2026-07-18;5;Pennsylvania;No;4232-1285-6569-4302;Swedish;;;;;;;;;;;;;;
ID76107140;David;Torres;Italian;QF707;2026-06-23;2026-06-28;5;United Kingdom;No;4489-4073-3624-3861;Italian;;;;;;;;;;;;;;
ID16418958;Abigail;Williams;Danish;AF435;2026-07-31;2026-08-02;2;Papua New Guinea;Yes;4370-3107-4600-9385;Danish;;;;;;;;;;;;;;
ID65492654;Elizabeth;Smith;Australian;SQ117;2026-07-21;2026-07-27;6;Spain;No;4461-4331-8458-8312;Australian;;;;;;;;;;;;;;
ID22704196;Samuel;Lopez;Swedish;CX858;2026-07-31;2026-08-01;1;Eswatini;No;4107-8310-7341-5524;Swedish;;;;;;;;;;;;;;
ID16143150;Emma;Garcia;German;EY516;2026-08-04;2026-08-06;2;Lesotho;Yes;4998-2934-6720-5029;Lesotho;;;;;;;;;;;;;;
ID91620997;Ethan;Miller;Brazilian;QF830;2026-07-28;2026-08-04;7;Eswatini;Yes;4246-1592-9339-1307;Brazilian;;;;;;;;;;;;;;
ID67690206;James;Wright;Italian;LH395;2026-07-30;2026-08-01;2;Lesotho;Yes;4624-7622-7360-1193;Lesotho;;;;;;;;;;;;;;
ID45052493;Amelia;Rodriguez;Japanese;DL660;2026-08-11;2026-08-12;1;United Kingdom;No;4675-2801-5210-4673;United Kingdom;;;;;;;;;;;;;;
ID98127479;Ava;Walker;Brazilian;AF561;2026-07-18;2026-07-28;10;Spain;No;4352-9343-8915-2010;Spain;;;;;;;;;;;;;;
ID21217513;Elizabeth;Martinez;Italian;AA422;2026-07-22;2026-07-27;5;South Africa;Yes;4357-4137-7224-9950;Italian;;;;;;;;;;;;;;
ID52432239;Daniel;King;Austrian;AA459;2026-08-08;2026-08-12;4;Japan;No;4018-5980-6073-8616;Austrian;;;;;;;;;;;;;;
ID26157887;Daniel;Sanchez;Belgian;EK402;2026-07-23;2026-07-26;3;Australia;Yes;4907-8874-2820-2431;Belgian;;;;;;;;;;;;;;
ID12219340;Olivia;White;Mexican;BA479;2026-06-17;2026-06-20;3;Sri Lanka;Yes;4691-7419-4095-8248;Mexican;;;;;;;;;;;;;;
ID22643439;Liam;Taylor;Brazilian;BA224;2026-07-15;2026-07-19;4;United Kingdom;No;4633-5115-7673-2072;Brazilian;;;;;;;;;;;;;;
ID28511332;Benjamin;Scott;Brazilian;EK150;2026-08-13;2026-08-16;3;Brazil;No;4723-9237-9883-5549;Brazil;;;;;;;;;;;;;;
ID78562282;Aiden;Davis;Brazilian;UA109;2026-06-27;2026-07-01;4;Australia;No;4509-9692-8059-9508;Australia;;;;;;;;;;;;;;
ID57753976;Harper;Young;Italian;JL481;2026-07-15;2026-07-22;7;Canada;Yes;4503-5093-3893-6309;Canada;;;;;;;;;;;;;;
ID25035608;Abigail;Jones;Canadian;EK270;2026-06-18;2026-06-27;9;France;No;4703-1800-2449-5424;Canadian;;;;;;;;;;;;;;
ID25352734;Oliver;Walker;Italian;DL302;2026-08-17;2026-08-26;9;Congo;No;4040-6910-8288-9257;Congo;;;;;;;;;;;;;;
ID98821070;Emily;Garcia;Swiss;QF172;2026-08-16;2026-08-21;5;Italy;Yes;4911-3993-2776-7506;Swiss;;;;;;;;;;;;;;
ID16777953;David;Lewis;French;BA667;2026-06-15;2026-06-19;4;Australia;No;4971-5540-2002-4990;Australia;;;;;;;;;;;;;;
ID55622360;James;Lewis;Danish;QR194;2026-07-30;2026-08-01;2;Brazil;No;4329-3489-3601-9444;Brazil;;;;;;;;;;;;;;
ID83694050;David;Jackson;Brazilian;SQ783;2026-07-29;2026-08-07;9;Pennsylvania;Yes;4716-6672-1850-8045;Pennsylvania;;;;;;;;;;;;;;
ID29323925;Alexander;Taylor;Norwegian;CX990;2026-06-27;2026-07-03;6;Myanmar;No;4384-8695-3708-5742;Norwegian;;;;;;;;;;;;;;
ID22443265;Sebastian;Brown;Mexican;DL876;2026-06-19;2026-06-28;9;Sri Lanka;No;4982-2765-7599-1418;Sri Lanka;;;;;;;;;;;;;;
ID73133832;Mason;Thomas;Spanish;SQ975;2026-07-14;2026-07-22;8;France;Yes;4980-5281-4105-4247;France;;;;;;;;;;;;;;
ID22457884;Victoria;Wright;British;QF907;2026-07-27;2026-07-31;4;France;Yes;4561-4792-6929-5746;British;;;;;;;;;;;;;;
ID33303035;Emma;Harris;Polish;SQ814;2026-08-03;2026-08-08;5;Pennsylvania;No;4690-4101-4908-2641;Pennsylvania;;;;;;;;;;;;;;
ID72410075;Emily;Anderson;Dutch;BA972;2026-07-29;2026-08-06;8;Brazil;No;4400-6653-1715-8950;Dutch;;;;;;;;;;;;;;
ID64451327;Sophia;Walker;Brazilian;DL565;2026-07-26;2026-07-30;4;France;No;4281-4373-3638-2483;Brazilian;;;;;;;;;;;;;;
ID61182398;Daniel;Lee;Australian;EK871;2026-07-21;2026-07-28;7;Lesotho;Yes;4250-6126-3375-2520;Lesotho;;;;;;;;;;;;;;
ID46515489;Daniel;Lopez;Swiss;QF434;2026-07-22;2026-07-26;4;Germany;Yes;4309-4980-9484-6944;Swiss;;;;;;;;;;;;;;
ID95318612;Aiden;Lopez;Mexican;JL381;2026-07-18;2026-07-28;10;Japan;Yes;4414-2686-2215-4741;Mexican;;;;;;;;;;;;;;
ID93840988;Liam;Young;Danish;JL676;2026-07-22;2026-07-26;4;Papua New Guinea;Yes;4434-3970-7985-2968;Danish;;;;;;;;;;;;;;
ID86399143;Sebastian;Gonzalez;American;CX415;2026-07-29;2026-07-31;2;United Kingdom;No;4048-6508-9522-8107;American;;;;;;;;;;;;;;
ID65801084;Charlotte;Robinson;Norwegian;BA616;2026-07-31;2026-08-07;7;Japan;No;4122-7193-6727-3882;Japan;;;;;;;;;;;;;;
ID75458184;Isabella;Torres;Polish;DL558;2026-07-09;2026-07-14;5;Germany;Yes;4328-1741-7419-9445;Polish;;;;;;;;;;;;;;
ID23164657;Mia;Nguyen;Italian;LH493;2026-06-21;2026-06-24;3;Brazil;Yes;4386-9047-4925-8158;Italian;;;;;;;;;;;;;;
ID46432180;Sienna;Lewis;Spanish;DL515;2026-08-06;2026-08-16;10;Australia;No;4023-5134-8054-8329;Spanish;;;;;;;;;;;;;;
ID27317757;Mia;Flores;French;CX174;2026-06-23;2026-07-03;10;Papua New Guinea;Yes;4762-5992-7953-9997;Papua New Guinea;;;;;;;;;;;;;;
ID28001582;Scarlett;King;American;LH235;2026-08-12;2026-08-18;6;Lesotho;No;4015-7625-6602-4961;Lesotho;;;;;;;;;;;;;;
ID49843510;Mia;Robinson;German;EK513;2026-07-22;2026-07-24;2;Myanmar;Yes;4811-9541-9122-9728;German;;;;;;;;;;;;;;
ID55007348;Matthew;Williams;Austrian;AF759;2026-07-04;2026-07-10;6;Germany;Yes;4242-9551-7040-2326;Germany;;;;;;;;;;;;;;
ID14108743;Alexander;Williams;Austrian;AF464;2026-08-16;2026-08-20;4;Germany;No;4967-6483-4393-4787;Germany;;;;;;;;;;;;;;
ID37426062;Owen;Johnson;Italian;KL364;2026-06-28;2026-07-04;6;Brazil;Yes;4825-7443-8204-3586;Italian;;;;;;;;;;;;;;
ID60767454;Ava;Sanchez;Spanish;BA307;2026-07-19;2026-07-23;4;Myanmar;Yes;4080-7610-3155-3517;Myanmar;;;;;;;;;;;;;;
ID86830247;Camila;Moore;British;EK181;2026-08-05;2026-08-11;6;Pennsylvania;No;4494-5629-7145-3878;Pennsylvania;;;;;;;;;;;;;;
ID85113559;Isabella;Jones;Japanese;AA118;2026-07-05;2026-07-14;9;Papua New Guinea;No;4451-2909-3219-5919;Papua New Guinea;;;;;;;;;;;;;;
ID41769339;Ethan;Rodriguez;Italian;SQ502;2026-08-10;2026-08-16;6;Sri Lanka;No;4331-9721-4083-7906;Sri Lanka;;;;;;;;;;;;;;
ID61329092;Henry;Ramirez;Canadian;AA316;2026-07-07;2026-07-11;4;United Kingdom;No;4147-7749-6844-2289;Canadian;;;;;;;;;;;;;;
ID10517646;Olivia;Lewis;Belgian;SQ462;2026-07-04;2026-07-06;2;Sri Lanka;Yes;4795-8079-9969-8015;Sri Lanka;;;;;;;;;;;;;;
ID10018731;Matthew;Robinson;Spanish;AA236;2026-07-01;2026-07-08;7;France;No;4700-6624-5893-7148;Spanish;;;;;;;;;;;;;;
ID31232668;Owen;Ramirez;Swiss;AF923;2026-08-17;2026-08-24;7;Spain;Yes;4370-9197-3306-1496;Spain;;;;;;;;;;;;;;
ID90759885;Ava;Perez;Austrian;UA196;2026-07-09;2026-07-15;6;Germany;No;4567-4341-5315-1269;Austrian;;;;;;;;;;;;;;
ID99496882;David;Lee;Australian;EK722;2026-08-02;2026-08-06;4;Congo;No;4030-2277-5678-3314;Australian;;;;;;;;;;;;;;
ID82508045;Madison;Nguyen;Japanese;BA365;2026-06-28;2026-06-29;1;Lesotho;Yes;4250-2100-8684-2971;Japanese;;;;;;;;;;;;;;
ID38690674;Sebastian;Ramirez;Belgian;UA585;2026-07-11;2026-07-12;1;Australia;No;4132-2301-8489-1534;Australia;;;;;;;;;;;;;;
ID39343496;Henry;White;Belgian;CX285;2026-06-30;2026-07-02;2;Brazil;No;4156-6399-5052-5136;Brazil;;;;;;;;;;;;;;
ID11396594;Amelia;Wilson;Belgian;QR323;2026-06-26;2026-07-06;10;Mozambique;No;4947-1882-7309-7330;Belgian;;;;;;;;;;;;;;
ID27576119;Amelia;Brown;Brazilian;DL269;2026-06-28;2026-07-04;6;Canada;No;4505-1977-6930-1442;Canada;;;;;;;;;;;;;;
ID64408791;Elizabeth;Martinez;Swiss;QR143;2026-06-25;2026-07-02;7;Brazil;No;4290-7784-6214-1860;Swiss;;;;;;;;;;;;;;
ID68593278;Emily;Perez;American;AA392;2026-07-03;2026-07-07;4;Germany;Yes;4756-3310-7155-4191;Germany;;;;;;;;;;;;;;
ID17096326;Abigail;Young;German;KL347;2026-07-20;2026-07-28;8;Germany;No;4450-5764-1338-3438;German;;;;;;;;;;;;;;
ID34484707;Camila;King;Swedish;AF378;2026-06-20;2026-06-25;5;Lesotho;No;4983-8470-7398-8017;Swedish;;;;;;;;;;;;;;
ID30334697;David;Lopez;Belgian;QR426;2026-06-17;2026-06-23;6;Germany;No;4758-3219-7395-3381;Germany;;;;;;;;;;;;;;
ID45803608;Jackson;Martin;Portuguese;AF331;2026-08-14;2026-08-22;8;France;Yes;4503-8607-1167-4122;Portuguese;;;;;;;;;;;;;;
ID59019763;Emily;Johnson;Italian;LH162;2026-06-24;2026-07-04;10;Eswatini;Yes;4242-3857-7301-7554;Eswatini;;;;;;;;;;;;;;
ID81782145;Ella;Scott;Dutch;EK723;2026-08-03;2026-08-05;2;Spain;Yes;4814-4838-8730-1591;Spain;;;;;;;;;;;;;;
ID46463187;Olivia;Wilson;British;BA341;2026-08-14;2026-08-21;7;Spain;No;4683-9501-5259-3887;British;;;;;;;;;;;;;;
ID40608534;Emily;Williams;Mexican;AF646;2026-07-29;2026-08-08;10;Eswatini;No;4916-6023-4643-9014;Eswatini;;;;;;;;;;;;;;
ID89582710;Benjamin;Ramirez;Belgian;AF831;2026-06-25;2026-06-26;1;Congo;Yes;4837-2987-8792-3037;Congo;;;;;;;;;;;;;;
ID86116731;Camila;Wilson;Brazilian;CX510;2026-08-07;2026-08-10;3;Lesotho;No;4934-1759-4774-1975;Brazilian;;;;;;;;;;;;;;
ID62616215;Aiden;Clark;Belgian;EK151;2026-07-19;2026-07-23;4;United Kingdom;Yes;4228-9042-7662-1551;United Kingdom;;;;;;;;;;;;;;
ID64886304;Abigail;Thompson;Belgian;EK813;2026-08-07;2026-08-10;3;Spain;Yes;4486-8043-9128-7386;Belgian;;;;;;;;;;;;;;
ID50712100;Lucas;Flores;Spanish;LH642;2026-07-03;2026-07-07;4;Sri Lanka;Yes;4825-1490-6120-5043;Spanish;;;;;;;;;;;;;;
ID46168394;Olivia;Rodriguez;Brazilian;EK975;2026-06-19;2026-06-28;9;Lesotho;Yes;4264-4223-1413-4224;Brazilian;;;;;;;;;;;;;;
ID69059743;Noah;Ramirez;British;AA915;2026-07-29;2026-08-05;7;Congo;No;4014-9832-5925-5400;Congo;;;;;;;;;;;;;;
ID93181437;Harper;Perez;Polish;EY569;2026-08-18;2026-08-23;5;Mozambique;Yes;4601-2511-4478-9021;Mozambique;;;;;;;;;;;;;;
ID56706542;Evelyn;Clark;Austrian;JL277;2026-07-14;2026-07-23;9;Lesotho;Yes;4823-2839-2948-2485;Lesotho;;;;;;;;;;;;;;
ID87030134;Ava;Jones;British;CX127;2026-08-03;2026-08-06;3;South Africa;Yes;4351-7303-4919-6365;South Africa;;;;;;;;;;;;;;
ID16004069;Elijah;Hill;Dutch;KL847;2026-06-18;2026-06-27;9;Australia;No;4460-1901-8925-7827;Dutch;;;;;;;;;;;;;;
ID58449587;Ava;Johnson;Mexican;AA543;2026-08-18;2026-08-28;10;South Africa;Yes;4314-7269-2880-7185;Mexican;;;;;;;;;;;;;;
ID84899463;Luna;Garcia;Japanese;BA604;2026-06-29;2026-07-07;8;Lesotho;Yes;4123-6760-8856-1884;Japanese;;;;;;;;;;;;;;
ID12403228;Alexander;Moore;Canadian;BA622;2026-08-02;2026-08-03;1;Papua New Guinea;Yes;4669-7245-1656-3559;Canadian;;;;;;;;;;;;;;
ID42137462;Victoria;Williams;French;CX691;2026-07-22;2026-07-27;5;France;Yes;4311-6436-4215-9535;France;;;;;;;;;;;;;;
ID55848157;Elijah;Moore;Norwegian;AA399;2026-06-19;2026-06-25;6;Brazil;Yes;4703-6899-9471-5086;Brazil;;;;;;;;;;;;;;
ID55106369;Oliver;Thomas;Swiss;AA155;2026-07-01;2026-07-10;9;Eswatini;Yes;4426-3759-2412-6450;Swiss;;;;;;;;;;;;;;
ID69902723;Evelyn;Johnson;British;EY858;2026-06-28;2026-07-07;9;Papua New Guinea;Yes;4617-6031-1315-9819;British;;;;;;;;;;;;;;
ID94122706;Samuel;Anderson;Swiss;AF732;2026-06-15;2026-06-25;10;Congo;No;4153-6066-7363-2668;Congo;;;;;;;;;;;;;;
ID28022003;Sebastian;King;Portuguese;AF771;2026-08-11;2026-08-16;5;Pennsylvania;No;4912-3957-9513-8884;Portuguese;;;;;;;;;;;;;;
ID38870101;Owen;Walker;Spanish;BA213;2026-06-15;2026-06-20;5;Canada;Yes;4286-3681-9802-4412;Canada;;;;;;;;;;;;;;
ID76140683;Ethan;Hill;British;EY338;2026-08-08;2026-08-14;6;Eswatini;Yes;4298-2642-5620-3059;British;;;;;;;;;;;;;;
ID16305662;Harper;Harris;Italian;EK329;2026-07-17;2026-07-23;6;Sri Lanka;No;4951-7770-6889-1063;Italian;;;;;;;;;;;;;;
ID43085411;Harper;Miller;Portuguese;SQ290;2026-06-19;2026-06-21;2;Italy;No;4926-1681-2852-3429;Italy;;;;;;;;;;;;;;
ID46105171;Madison;Garcia;Dutch;EY641;2026-08-05;2026-08-08;3;Congo;Yes;4201-6435-6660-1906;Dutch;;;;;;;;;;;;;;
ID13792387;Samuel;Nguyen;American;AF483;2026-07-18;2026-07-21;3;Brazil;Yes;4980-8387-6341-4043;Brazil;;;;;;;;;;;;;;
ID57016181;Sienna;Lewis;Swedish;CX129;2026-07-15;2026-07-16;1;Japan;Yes;4679-9233-3051-7265;Japan;;;;;;;;;;;;;;
ID71383393;Scarlett;Harris;Danish;LH307;2026-06-21;2026-06-30;9;Sri Lanka;Yes;4262-2465-5498-2421;Sri Lanka;;;;;;;;;;;;;;
ID84098579;Ella;Robinson;British;QR647;2026-06-18;2026-06-23;5;Japan;Yes;4672-8978-8085-2022;Japan;;;;;;;;;;;;;;
ID28112185;Owen;Nguyen;American;AA470;2026-07-17;2026-07-27;10;Eswatini;Yes;4863-5052-6354-2354;Eswatini;;;;;;;;;;;;;;
ID98373793;Owen;White;Canadian;LH141;2026-07-09;2026-07-14;5;Germany;Yes;4014-5580-8854-5767;Germany;;;;;;;;;;;;;;
ID68693494;Samuel;Clark;Danish;AF302;2026-07-15;2026-07-21;6;France;No;4625-3975-2611-1243;France;;;;;;;;;;;;;;
ID29623220;Daniel;Moore;Dutch;EY925;2026-07-02;2026-07-03;1;Spain;No;4702-3162-1850-5844;Spain;;;;;;;;;;;;;;
ID68022592;Elijah;Davis;Norwegian;QF314;2026-07-23;2026-07-30;7;Spain;No;4165-3477-7497-6819;Norwegian;;;;;;;;;;;;;;
ID81863930;Ava;Thomas;Spanish;JL693;2026-06-30;2026-07-08;8;Mozambique;Yes;4949-6552-9262-6496;Mozambique;;;;;;;;;;;;;;
ID45011420;Jack;Garcia;Belgian;DL916;2026-07-06;2026-07-11;5;Japan;No;4746-7911-3780-2080;Belgian;;;;;;;;;;;;;;
ID51950144;Elijah;Torres;Austrian;QF968;2026-08-16;2026-08-21;5;Eswatini;Yes;4012-6019-8411-6565;Eswatini;;;;;;;;;;;;;;
ID56438496;Mia;Young;Norwegian;QF309;2026-07-09;2026-07-14;5;Australia;Yes;4758-3096-7505-3441;Norwegian;;;;;;;;;;;;;;
ID24396619;Daniel;Rodriguez;Spanish;CX796;2026-07-28;2026-07-29;1;United Kingdom;Yes;4141-3376-1244-8347;Spanish;;;;;;;;;;;;;;
ID51675765;Ethan;Martinez;Danish;DL555;2026-06-27;2026-06-30;3;Papua New Guinea;No;4318-8772-8755-2913;Papua New Guinea;;;;;;;;;;;;;;
ID40947182;Emily;Lopez;Austrian;AA762;2026-07-24;2026-07-31;7;Myanmar;Yes;4511-5637-7831-4236;Myanmar;;;;;;;;;;;;;;
ID53117489;Sophia;Sanchez;Portuguese;CX746;2026-06-20;2026-06-23;3;Spain;No;4535-5725-3431-3759;Spain;;;;;;;;;;;;;;
ID95843894;Mason;Garcia;Dutch;BA565;2026-06-22;2026-06-25;3;Lesotho;No;4073-1511-7323-9223;Lesotho;;;;;;;;;;;;;;
ID63152796;Elijah;Martin;Polish;AA927;2026-08-16;2026-08-25;9;France;No;4021-4387-9113-5461;France;;;;;;;;;;;;;;
ID82435924;Alexander;Wright;Dutch;JL555;2026-06-25;2026-07-05;10;Japan;No;4684-6404-8719-7011;Dutch;;;;;;;;;;;;;;
ID37957004;Mia;Johnson;Danish;JL919;2026-07-22;2026-07-29;7;Australia;No;4111-8539-6322-3561;Australia;;;;;;;;;;;;;;
ID55313392;Jack;Walker;French;AF563;2026-08-03;2026-08-10;7;Lesotho;Yes;4725-6916-9624-7135;Lesotho;;;;;;;;;;;;;;
ID80484148;Luna;Hill;Austrian;KL475;2026-06-21;2026-06-29;8;South Africa;Yes;4298-6086-7106-2616;South Africa;;;;;;;;;;;;;;
ID34147723;Lucas;White;Canadian;AF833;2026-08-17;2026-08-20;3;Myanmar;Yes;4620-7764-9910-3122;Canadian;;;;;;;;;;;;;;
ID84997724;Madison;Torres;American;LH685;2026-07-15;2026-07-17;2;Spain;Yes;4493-2829-5012-8278;Spain;;;;;;;;;;;;;;
ID36813776;Matthew;Rodriguez;Japanese;CX611;2026-07-25;2026-07-29;4;Japan;No;4567-6008-3439-8108;Japanese;;;;;;;;;;;;;;
ID73071889;Charlotte;Jones;Danish;AF647;2026-06-15;2026-06-21;6;Eswatini;Yes;4609-7100-8374-7640;Eswatini;;;;;;;;;;;;;;
ID60653836;Olivia;Thomas;Spanish;EY529;2026-06-26;2026-06-27;1;Papua New Guinea;No;4005-4199-2075-6574;Spanish;;;;;;;;;;;;;;
ID30350472;Luna;Taylor;Swedish;EK268;2026-08-10;2026-08-12;2;Lesotho;Yes;4489-3695-4765-4123;Lesotho;;;;;;;;;;;;;;
ID66075921;Liam;Anderson;Belgian;CX701;2026-07-27;2026-08-05;9;France;No;4953-3030-9844-1460;France;;;;;;;;;;;;;;
ID59361952;David;Hernandez;Canadian;QF608;2026-08-18;2026-08-24;6;South Africa;Yes;4356-6061-6251-3798;Canadian;;;;;;;;;;;;;;
ID42257676;Alexander;Taylor;Danish;DL713;2026-07-13;2026-07-22;9;France;No;4988-3118-3210-7945;France;;;;;;;;;;;;;;
ID58914630;Emily;White;Swiss;JL971;2026-07-02;2026-07-04;2;Germany;No;4311-7422-1407-5294;Germany;;;;;;;;;;;;;;
ID12706009;Oliver;Robinson;Dutch;DL463;2026-07-04;2026-07-09;5;Pennsylvania;No;4780-5570-3830-2233;Pennsylvania;;;;;;;;;;;;;;
ID79591679;Liam;Sanchez;Brazilian;EK585;2026-07-09;2026-07-18;9;Myanmar;Yes;4541-1062-4094-6491;Myanmar;;;;;;;;;;;;;;
ID79850719;Ava;White;Danish;SQ624;2026-08-10;2026-08-11;1;United Kingdom;Yes;4225-7794-3264-5248;United Kingdom;;;;;;;;;;;;;;
ID92691631;Liam;Jackson;Dutch;QR701;2026-07-15;2026-07-24;9;France;No;4240-1310-5784-5420;Dutch;;;;;;;;;;;;;;
ID29213831;Owen;Taylor;Danish;LH828;2026-08-12;2026-08-16;4;Mozambique;Yes;4251-1908-8767-9258;Danish;;;;;;;;;;;;;;
ID75257160;Benjamin;Anderson;Austrian;UA261;2026-07-14;2026-07-22;8;Canada;No;4836-6068-3260-6948;Canada;;;;;;;;;;;;;;
ID86025094;Sienna;Allen;Norwegian;BA868;2026-06-22;2026-07-02;10;Myanmar;No;4809-3394-4143-2901;Myanmar;;;;;;;;;;;;;;
ID22993101;Jackson;Clark;Swiss;JL100;2026-08-16;2026-08-23;7;Spain;Yes;4125-8903-2367-1676;Spain;;;;;;;;;;;;;;
ID26232231;Alexander;Martinez;Swiss;LH558;2026-06-22;2026-06-26;4;Australia;No;4356-1493-7793-1056;Australia;;;;;;;;;;;;;;
ID69112318;Abigail;Smith;Mexican;JL641;2026-08-05;2026-08-07;2;United Kingdom;Yes;4697-7623-4078-1266;United Kingdom;;;;;;;;;;;;;;
ID24531856;Olivia;Anderson;British;CX517;2026-07-30;2026-08-06;7;Australia;Yes;4273-1303-4733-3917;Australia;;;;;;;;;;;;;;
ID30724162;Jackson;Sanchez;Italian;DL419;2026-08-01;2026-08-04;3;Spain;No;4583-2371-6347-1777;Italian;;;;;;;;;;;;;;
ID97665508;Liam;Smith;Dutch;AA294;2026-08-13;2026-08-17;4;Eswatini;Yes;4929-2266-2690-4190;Eswatini;;;;;;;;;;;;;;
ID68790317;Aiden;Ramirez;Australian;AF273;2026-08-03;2026-08-04;1;Pennsylvania;No;4810-7881-3646-3157;Pennsylvania;;;;;;;;;;;;;;
ID89618469;David;Ramirez;Swedish;EY598;2026-07-07;2026-07-09;2;Papua New Guinea;Yes;4265-2028-3087-8909;Swedish;;;;;;;;;;;;;;
ID27265004;Camila;Ramirez;Portuguese;KL159;2026-07-17;2026-07-20;3;Congo;No;4065-8027-1686-3011;Congo;;;;;;;;;;;;;;
ID12049242;Harper;Anderson;Portuguese;DL276;2026-08-11;2026-08-14;3;Australia;No;4117-4652-7644-2352;Australia;;;;;;;;;;;;;;
ID95748740;Elijah;Lewis;Mexican;QR762;2026-08-03;2026-08-08;5;Italy;No;4211-5330-1577-8764;Mexican;;;;;;;;;;;;;;
ID50057305;Lucas;Flores;Brazilian;KL727;2026-07-14;2026-07-16;2;Spain;No;4600-8506-2585-2196;Spain;;;;;;;;;;;;;;
ID89863680;Emily;Martinez;Swiss;KL121;2026-07-28;2026-08-07;10;United Kingdom;No;4891-4709-7300-3179;United Kingdom;;;;;;;;;;;;;;
ID77935152;Elijah;Perez;Portuguese;DL265;2026-07-24;2026-07-31;7;Italy;No;4839-2955-1311-1114;Italy;;;;;;;;;;;;;;
ID91360921;Elijah;Moore;Belgian;EY108;2026-07-10;2026-07-19;9;United Kingdom;No;4995-8178-2393-4850;Belgian;;;;;;;;;;;;;;
ID22477297;Ava;Allen;Austrian;QR866;2026-06-25;2026-06-29;4;Japan;Yes;4134-1325-2508-3531;Japan;;;;;;;;;;;;;;
ID70950275;Lucas;Sanchez;American;QF823;2026-07-02;2026-07-06;4;Japan;Yes;4148-4325-9131-3913;American;;;;;;;;;;;;;;
ID12440489;Emma;Davis;Dutch;EK837;2026-07-22;2026-07-25;3;Eswatini;No;4893-9506-5552-9261;Eswatini;;;;;;;;;;;;;;
ID67996279;Abigail;White;Japanese;QF865;2026-06-30;2026-07-07;7;Lesotho;Yes;4147-8512-6533-7533;Lesotho;;;;;;;;;;;;;;
ID24287811;Mia;Johnson;Brazilian;KL325;2026-07-16;2026-07-22;6;Brazil;Yes;4705-5582-9018-5564;Brazilian;;;;;;;;;;;;;;
ID27546647;Emily;Brown;French;UA223;2026-08-14;2026-08-24;10;Lesotho;Yes;4232-6848-3778-7813;Lesotho;;;;;;;;;;;;;;
ID35125551;Matthew;Lee;Australian;SQ185;2026-06-18;2026-06-22;4;Myanmar;Yes;4299-9611-9498-6777;Australian;;;;;;;;;;;;;;
ID89229664;Henry;Williams;Canadian;DL716;2026-08-07;2026-08-10;3;Italy;Yes;4789-3690-1333-2560;Canadian;;;;;;;;;;;;;;
ID15849661;Ella;Anderson;Danish;CX557;2026-07-22;2026-07-29;7;Lesotho;No;4973-4782-6403-7355;Danish;;;;;;;;;;;;;;
ID71528611;Elizabeth;Sanchez;Belgian;CX835;2026-07-31;2026-08-10;10;Eswatini;No;4581-9780-8784-8669;Belgian;;;;;;;;;;;;;;
ID69980055;Mason;Perez;Polish;BA497;2026-07-14;2026-07-22;8;Spain;No;4373-9909-2973-5143;Spain;;;;;;;;;;;;;;
ID23579103;David;Ramirez;German;JL531;2026-08-12;2026-08-18;6;Pennsylvania;No;4811-6732-6021-4083;Pennsylvania;;;;;;;;;;;;;;
ID43651921;Victoria;Hernandez;Belgian;LH805;2026-08-13;2026-08-21;8;Brazil;Yes;4628-2514-4048-6457;Brazil;;;;;;;;;;;;;;
ID79004042;Evelyn;Ramirez;Canadian;EY700;2026-07-30;2026-08-03;4;South Africa;Yes;4817-1455-7161-9934;South Africa;;;;;;;;;;;;;;
ID19131838;Jackson;Davis;Swedish;JL812;2026-07-25;2026-07-29;4;United Kingdom;Yes;4110-4442-5720-3382;Swedish;;;;;;;;;;;;;;
ID68095558;Emily;Sanchez;Austrian;QR491;2026-07-04;2026-07-13;9;Japan;Yes;4326-2491-6911-8528;Austrian;;;;;;;;;;;;;;
ID82325838;Elizabeth;Wilson;Portuguese;LH560;2026-07-16;2026-07-24;8;Eswatini;Yes;4041-8501-2294-6216;Portuguese;;;;;;;;;;;;;;
ID75075424;Sienna;Gonzalez;Dutch;LH299;2026-07-23;2026-07-25;2;Pennsylvania;Yes;4134-2155-6713-6420;Dutch;;;;;;;;;;;;;;
ID44869304;James;Martinez;Polish;CX374;2026-06-17;2026-06-26;9;Sri Lanka;No;4332-2469-6932-5007;Sri Lanka;;;;;;;;;;;;;;
ID76077175;Lucas;Perez;Spanish;UA384;2026-08-02;2026-08-08;6;Pennsylvania;Yes;4820-2424-1734-3500;Pennsylvania;;;;;;;;;;;;;;
ID33324183;Amelia;Williams;Belgian;EY874;2026-07-26;2026-07-30;4;Brazil;No;4921-7266-7107-5863;Brazil;;;;;;;;;;;;;;
ID37293745;Samuel;Walker;Japanese;KL556;2026-07-13;2026-07-22;9;Japan;Yes;4688-7813-1454-3292;Japanese;;;;;;;;;;;;;;
ID54384614;Noah;Robinson;French;SQ839;2026-07-24;2026-08-02;9;Pennsylvania;Yes;4152-3552-7956-9901;Pennsylvania;;;;;;;;;;;;;;
ID40502276;Sienna;Wright;Polish;EK438;2026-07-12;2026-07-17;5;Myanmar;No;4030-3938-1032-8823;Polish;;;;;;;;;;;;;;
ID86659484;Owen;Martinez;Austrian;LH845;2026-06-30;2026-07-09;9;Australia;Yes;4164-6085-5281-1355;Austrian;;;;;;;;;;;;;;
ID22345345;Sienna;Anderson;Dutch;UA697;2026-08-04;2026-08-10;6;Germany;Yes;4391-5981-7142-2283;Germany;;;;;;;;;;;;;;
ID21818166;Benjamin;Martin;Swiss;JL110;2026-07-25;2026-08-03;9;Brazil;Yes;4485-5366-2240-6218;Brazil;;;;;;;;;;;;;;
ID37164011;Benjamin;Gonzalez;Japanese;EY587;2026-06-21;2026-06-26;5;Sri Lanka;No;4800-4133-8011-4784;Sri Lanka;;;;;;;;;;;;;;
ID12256587;Sophia;White;Portuguese;KL869;2026-07-07;2026-07-10;3;Italy;Yes;4643-9861-7844-8400;Portuguese;;;;;;;;;;;;;;
ID48814593;Camila;Hill;Brazilian;AF796;2026-07-27;2026-08-01;5;Papua New Guinea;Yes;4997-2528-5819-4927;Papua New Guinea;;;;;;;;;;;;;;
ID55798542;Luna;Clark;French;LH489;2026-07-25;2026-07-28;3;Italy;Yes;4458-3784-5416-6427;Italy;;;;;;;;;;;;;;
ID66989093;Mason;Torres;Swiss;QR968;2026-06-22;2026-06-24;2;Australia;No;4154-4477-9608-9022;Australia;;;;;;;;;;;;;;
ID16986737;Camila;Young;Mexican;AF164;2026-08-16;2026-08-26;10;South Africa;Yes;4399-3304-7629-6447;South Africa;;;;;;;;;;;;;;
ID88060144;Ava;King;American;QF894;2026-07-21;2026-07-27;6;Sri Lanka;No;4859-4309-8007-9250;Sri Lanka;;;;;;;;;;;;;;
ID59086859;Charlotte;Martin;Belgian;KL623;2026-07-25;2026-07-31;6;Italy;No;4256-6990-1448-4340;Italy;;;;;;;;;;;;;;
ID17647937;Evelyn;Young;Italian;EY877;2026-07-20;2026-07-27;7;Pennsylvania;Yes;4702-9861-3373-1381;Pennsylvania;;;;;;;;;;;;;;
ID52980696;Oliver;Rodriguez;Danish;QR878;2026-07-21;2026-07-27;6;Congo;No;4571-1213-9158-9438;Congo;;;;;;;;;;;;;;
ID63911210;Sebastian;Allen;Brazilian;JL954;2026-07-15;2026-07-21;6;Germany;No;4227-8446-9514-7458;Brazilian;;;;;;;;;;;;;;
ID56576229;Luna;Jackson;Belgian;KL888;2026-07-14;2026-07-15;1;Germany;No;4426-2074-1226-3310;Belgian;;;;;;;;;;;;;;
ID16341599;Abigail;Sanchez;French;QR750;2026-07-28;2026-07-29;1;France;No;4893-1335-5655-2846;French;;;;;;;;;;;;;;
ID29042719;Victoria;Davis;British;LH155;2026-08-11;2026-08-19;8;Sri Lanka;No;4763-7237-8758-8365;British;;;;;;;;;;;;;;
ID62406714;David;Williams;British;JL291;2026-07-23;2026-07-24;1;Congo;Yes;4226-8144-1478-2712;British;;;;;;;;;;;;;;
ID25250196;Abigail;Perez;Austrian;AF367;2026-08-04;2026-08-11;7;Sri Lanka;Yes;4284-9153-7749-7603;Sri Lanka;;;;;;;;;;;;;;
ID69725662;Luna;Young;Swiss;LH823;2026-07-18;2026-07-22;4;Canada;Yes;4956-3383-2370-9540;Swiss;;;;;;;;;;;;;;
ID76154335;Emily;Clark;Swedish;AF104;2026-08-11;2026-08-16;5;Germany;No;4365-5787-6471-7454;Swedish;;;;;;;;;;;;;;
ID33080803;Ava;Anderson;Mexican;EK639;2026-06-30;2026-07-06;6;Eswatini;No;4968-5896-4782-9306;Eswatini;;;;;;;;;;;;;;
ID12245036;Owen;Rodriguez;Austrian;QR111;2026-06-27;2026-07-04;7;Congo;No;4445-1726-3225-1481;Austrian;;;;;;;;;;;;;;
ID53232411;Noah;Anderson;Mexican;AA309;2026-07-29;2026-08-06;8;Mozambique;Yes;4577-1380-5192-2671;Mexican;;;;;;;;;;;;;;
ID38217998;Harper;Moore;Japanese;EY155;2026-06-15;2026-06-18;3;Spain;Yes;4088-2912-1569-3645;Spain;;;;;;;;;;;;;;
ID19513660;Jackson;Torres;Canadian;CX388;2026-06-16;2026-06-17;1;Sri Lanka;No;4128-7574-9039-7739;Sri Lanka;;;;;;;;;;;;;;
ID82622387;David;Clark;Polish;EY615;2026-07-29;2026-07-31;2;Papua New Guinea;Yes;4491-4077-9118-4315;Polish;;;;;;;;;;;;;;
ID39824596;Samuel;Allen;French;AF388;2026-07-07;2026-07-16;9;South Africa;No;4216-3699-8885-6549;French;;;;;;;;;;;;;;
ID83172287;Luna;Wright;Belgian;QF898;2026-06-23;2026-06-28;5;Pennsylvania;No;4720-4570-5685-7247;Belgian;;;;;;;;;;;;;;
ID34761684;Mason;Hill;Swiss;QR664;2026-08-21;2026-08-27;6;Canada;Yes;4428-3841-9671-1981;Canada;;;;;;;;;;;;;;
ID93603127;Luna;Lopez;British;QF456;2026-08-20;2026-08-28;8;Sri Lanka;Yes;4219-6023-6972-3839;Sri Lanka;;;;;;;;;;;;;;
ID76114558;Daniel;White;Canadian;QF221;2026-07-03;2026-07-07;4;United Kingdom;Yes;4767-6541-7788-8449;United Kingdom;;;;;;;;;;;;;;
ID74491930;Sebastian;Robinson;American;SQ365;2026-06-28;2026-06-29;1;Spain;Yes;4752-1202-9921-6728;Spain;;;;;;;;;;;;;;
ID10452144;Alexander;Sanchez;Japanese;EY215;2026-08-11;2026-08-17;6;Myanmar;No;4765-5519-6697-1790;Myanmar;;;;;;;;;;;;;;
ID69370620;Sophia;Jackson;Dutch;AA699;2026-08-18;2026-08-20;2;Canada;No;4904-6161-2702-5355;Dutch;;;;;;;;;;;;;;
ID36500396;Emily;Clark;Belgian;QR844;2026-06-17;2026-06-22;5;Australia;No;4315-6490-4199-5518;Belgian;;;;;;;;;;;;;;
ID25504390;Alexander;Wilson;Norwegian;QF160;2026-06-25;2026-07-01;6;United Kingdom;No;4364-7223-1139-4330;Norwegian;;;;;;;;;;;;;;
ID22522728;Benjamin;Ramirez;Japanese;QR156;2026-08-08;2026-08-17;9;Eswatini;Yes;4239-2537-3544-7940;Eswatini;;;;;;;;;;;;;;
ID20183564;Benjamin;Brown;Mexican;KL879;2026-07-10;2026-07-17;7;Spain;Yes;4066-1956-5231-1866;Spain;;;;;;;;;;;;;;
ID55085169;Daniel;Davis;Portuguese;SQ938;2026-07-11;2026-07-15;4;Eswatini;Yes;4795-7731-9803-8689;Portuguese;;;;;;;;;;;;;;
ID87729081;Samuel;Rodriguez;Swiss;QR138;2026-07-03;2026-07-08;5;Eswatini;No;4519-2114-4515-2393;Swiss;;;;;;;;;;;;;;
ID64194801;Liam;Harris;Dutch;UA427;2026-08-14;2026-08-19;5;Canada;No;4832-5065-8632-2632;Canada;;;;;;;;;;;;;;
ID88597471;Madison;Flores;Mexican;JL372;2026-07-28;2026-08-06;9;Canada;Yes;4168-7375-3645-4517;Mexican;;;;;;;;;;;;;;
ID99357845;Madison;Martinez;Swedish;QF367;2026-07-23;2026-07-25;2;Canada;Yes;4142-8043-4336-4683;Swedish;;;;;;;;;;;;;;
ID71546119;Samuel;Lopez;Canadian;UA689;2026-06-29;2026-07-06;7;Lesotho;No;4986-2107-1258-7084;Canadian;;;;;;;;;;;;;;
ID23229516;Olivia;Hernandez;French;BA908;2026-07-10;2026-07-16;6;Mozambique;No;4262-3221-6161-2674;Mozambique;;;;;;;;;;;;;;
ID10761528;Ella;Lopez;Belgian;EK694;2026-08-18;2026-08-25;7;Congo;No;4074-4926-7410-2874;Belgian;;;;;;;;;;;;;;
ID42536895;Isabella;Hill;Italian;UA876;2026-07-19;2026-07-29;10;Mozambique;Yes;4449-9353-8458-4999;Mozambique;;;;;;;;;;;;;;
ID61888965;Liam;Ramirez;British;EY935;2026-08-04;2026-08-06;2;Papua New Guinea;No;4456-4672-4319-9922;Papua New Guinea;;;;;;;;;;;;;;
ID61549654;Mia;Hill;Italian;AF507;2026-07-05;2026-07-08;3;Lesotho;No;4036-6000-6006-9054;Italian;;;;;;;;;;;;;;
ID86019819;Isabella;Gonzalez;French;AF390;2026-07-30;2026-08-03;4;Congo;Yes;4526-5801-2127-4188;French;;;;;;;;;;;;;;
ID82286826;Samuel;Thomas;Spanish;DL633;2026-06-27;2026-06-29;2;Congo;Yes;4862-7362-1727-2723;Congo;;;;;;;;;;;;;;
ID83019309;Oliver;Walker;Canadian;UA366;2026-08-04;2026-08-13;9;United Kingdom;No;4577-8280-4820-8581;United Kingdom;;;;;;;;;;;;;;
ID39725516;Emma;Hill;Italian;EK251;2026-06-18;2026-06-25;7;Myanmar;Yes;4152-6331-2802-6896;Italian;;;;;;;;;;;;;;
ID85390150;Ethan;Thompson;Dutch;QF203;2026-06-28;2026-07-06;8;Mozambique;Yes;4067-4849-4003-5571;Mozambique;;;;;;;;;;;;;;
ID31479942;Harper;Martin;Japanese;KL442;2026-07-29;2026-08-04;6;France;No;4473-2525-4829-8123;France;;;;;;;;;;;;;;
ID44152059;Benjamin;Walker;Spanish;DL764;2026-07-03;2026-07-11;8;Canada;No;4856-5193-9227-8481;Spanish;;;;;;;;;;;;;;
ID64724242;Lucas;White;Danish;EY766;2026-06-20;2026-06-27;7;Myanmar;No;4789-8075-7038-2064;Danish;;;;;;;;;;;;;;
ID75089718;Jackson;Smith;Brazilian;EY935;2026-08-02;2026-08-12;10;South Africa;No;4173-2188-8213-6922;South Africa;;;;;;;;;;;;;;
ID54277864;Jack;Taylor;British;SQ693;2026-08-14;2026-08-22;8;Canada;Yes;4035-7778-8180-2707;British;;;;;;;;;;;;;;
ID64784163;Liam;White;Dutch;AA152;2026-06-19;2026-06-28;9;Mozambique;Yes;4597-8117-7107-6446;Dutch;;;;;;;;;;;;;;
ID33083687;Ella;Sanchez;Belgian;EY281;2026-07-31;2026-08-07;7;Japan;No;4979-8934-9382-8468;Belgian;;;;;;;;;;;;;;
ID99138200;Luna;Rodriguez;French;EY816;2026-08-03;2026-08-10;7;Germany;No;4188-2028-9924-2479;Germany;;;;;;;;;;;;;;
ID63297363;Olivia;Lewis;Belgian;EY452;2026-06-22;2026-06-28;6;Australia;No;4642-3719-5289-6096;Belgian;;;;;;;;;;;;;;
ID92457801;Scarlett;Flores;Spanish;DL396;2026-08-03;2026-08-06;3;Spain;No;4391-7734-2410-6165;Spain;;;;;;;;;;;;;;
ID21856469;Noah;Thomas;American;EK126;2026-08-06;2026-08-10;4;Japan;Yes;4358-4761-6852-9160;Japan;;;;;;;;;;;;;;
ID76637501;Madison;Lopez;Swedish;LH431;2026-07-14;2026-07-21;7;Congo;Yes;4441-1811-3784-9542;Congo;;;;;;;;;;;;;;
ID36705563;Harper;Sanchez;American;EY534;2026-08-05;2026-08-12;7;Italy;No;4273-2329-6634-1080;Italy;;;;;;;;;;;;;;
ID64605755;Madison;Garcia;Danish;BA691;2026-07-15;2026-07-23;8;United Kingdom;Yes;4853-8399-3528-8956;United Kingdom;;;;;;;;;;;;;;
ID99523598;Emily;Lewis;Portuguese;CX900;2026-07-26;2026-08-05;10;United Kingdom;Yes;4475-8471-9509-8778;United Kingdom;;;;;;;;;;;;;;
ID61811323;Daniel;Moore;Norwegian;QR124;2026-07-27;2026-07-30;3;Germany;Yes;4590-9054-3506-1765;Norwegian;;;;;;;;;;;;;;
ID93762483;Elizabeth;Perez;Norwegian;QF878;2026-08-14;2026-08-15;1;Lesotho;Yes;4142-6624-2412-1619;Lesotho;;;;;;;;;;;;;;
ID57315899;David;Scott;Spanish;SQ821;2026-08-16;2026-08-22;6;United Kingdom;Yes;4458-7076-6387-5828;Spanish;;;;;;;;;;;;;;
ID28097167;Noah;White;Swiss;LH294;2026-08-19;2026-08-23;4;United Kingdom;No;4759-2381-6846-9477;Swiss;;;;;;;;;;;;;;
ID51617055;Daniel;Smith;Portuguese;AF119;2026-08-19;2026-08-24;5;Brazil;No;4530-7699-3260-7904;Brazil;;;;;;;;;;;;;;
ID70792953;Benjamin;Garcia;Mexican;EY362;2026-06-16;2026-06-25;9;Pennsylvania;No;4299-3530-3337-2890;Mexican;;;;;;;;;;;;;;
ID59599993;Charlotte;Robinson;Belgian;EK751;2026-07-17;2026-07-19;2;Canada;No;4694-7157-5850-5121;Belgian;;;;;;;;;;;;;;
ID73075052;David;Robinson;Italian;KL827;2026-08-21;2026-08-29;8;Australia;Yes;4886-5777-5640-6359;Australia;;;;;;;;;;;;;;
ID92405622;Camila;Thompson;Belgian;QR289;2026-06-22;2026-07-02;10;Japan;Yes;4511-5119-6700-3731;Japan;;;;;;;;;;;;;;
ID42753205;Emily;Garcia;Spanish;UA908;2026-07-15;2026-07-24;9;Papua New Guinea;Yes;4008-6076-7510-1496;Papua New Guinea;;;;;;;;;;;;;;
ID12401337;Mia;Garcia;Spanish;CX341;2026-08-04;2026-08-06;2;South Africa;No;4242-3465-2681-6011;Spanish;;;;;;;;;;;;;;
ID16068484;Alexander;White;Danish;JL696;2026-08-05;2026-08-08;3;South Africa;Yes;4959-1953-8100-5658;Danish;;;;;;;;;;;;;;
ID81625464;Aiden;Wilson;Mexican;LH933;2026-07-18;2026-07-20;2;Lesotho;No;4978-1446-8155-5698;Lesotho;;;;;;;;;;;;;;
ID58281586;Charlotte;Lewis;Mexican;BA306;2026-08-13;2026-08-22;9;Lesotho;Yes;4988-4033-7159-8583;Mexican;;;;;;;;;;;;;;
ID76851287;Daniel;Robinson;Brazilian;AA513;2026-07-22;2026-07-28;6;Japan;Yes;4332-3478-3449-9985;Brazilian;;;;;;;;;;;;;;
ID92242957;Luna;Young;German;JL501;2026-08-05;2026-08-07;2;Myanmar;Yes;4439-9480-1139-5535;Myanmar;;;;;;;;;;;;;;
ID98667188;James;White;Mexican;BA769;2026-06-15;2026-06-24;9;Pennsylvania;No;4666-3742-5948-2886;Mexican;;;;;;;;;;;;;;
ID50281779;Ava;Wright;Norwegian;JL293;2026-07-11;2026-07-17;6;Pennsylvania;No;4604-2375-6457-1162;Pennsylvania;;;;;;;;;;;;;;
ID12759576;James;Robinson;Mexican;EY979;2026-06-15;2026-06-20;5;Lesotho;No;4971-4277-6420-6292;Lesotho;;;;;;;;;;;;;;
ID75387801;Emily;Allen;Italian;QF811;2026-07-21;2026-07-27;6;Spain;Yes;4800-1085-9687-5411;Italian;;;;;;;;;;;;;;
ID88055183;Evelyn;Williams;Portuguese;EK876;2026-06-21;2026-06-24;3;United Kingdom;No;4773-6730-1338-5287;Portuguese;;;;;;;;;;;;;;
ID76458137;Aiden;Thompson;Italian;DL514;2026-08-20;2026-08-27;7;Sri Lanka;No;4394-4491-7358-2162;Sri Lanka;;;;;;;;;;;;;;
ID33883155;Liam;Allen;Austrian;AF245;2026-07-11;2026-07-19;8;Sri Lanka;Yes;4162-3956-5751-9107;Sri Lanka;;;;;;;;;;;;;;
ID96106672;Sebastian;Miller;Swedish;DL376;2026-07-14;2026-07-19;5;South Africa;Yes;4370-4093-8420-8757;South Africa;;;;;;;;;;;;;;
ID64315537;Liam;Martin;Dutch;AF303;2026-07-02;2026-07-12;10;Canada;No;4992-3158-1468-1553;Dutch;;;;;;;;;;;;;;
ID98103114;Alexander;Wright;Swedish;BA720;2026-06-25;2026-06-28;3;Sri Lanka;No;4060-6405-2739-5999;Sri Lanka;;;;;;;;;;;;;;
ID10266315;Luna;Martinez;American;AF625;2026-07-21;2026-07-29;8;Canada;No;4659-8074-8973-9911;Canada;;;;;;;;;;;;;;
ID28507992;Sebastian;Moore;Dutch;BA943;2026-06-18;2026-06-25;7;Italy;Yes;4566-8145-4006-5518;Dutch;;;;;;;;;;;;;;
ID27730551;Jackson;Hill;American;QF295;2026-07-19;2026-07-21;2;France;No;4129-5958-7394-4970;American;;;;;;;;;;;;;;
ID38334376;Liam;Martinez;Austrian;EK541;2026-08-05;2026-08-08;3;Myanmar;No;4290-7732-9086-2491;Austrian;;;;;;;;;;;;;;
ID13366575;Sophia;Lewis;Danish;EK671;2026-08-03;2026-08-07;4;Japan;No;4729-9878-6903-4626;Danish;;;;;;;;;;;;;;
ID57956204;Charlotte;Scott;British;SQ827;2026-08-12;2026-08-15;3;Sri Lanka;Yes;4372-7233-2084-5154;Sri Lanka;;;;;;;;;;;;;;
ID44199109;Henry;Gonzalez;Belgian;JL654;2026-08-01;2026-08-05;4;Spain;No;4422-4087-1122-2164;Belgian;;;;;;;;;;;;;;
ID92729010;Benjamin;Lewis;Belgian;DL729;2026-07-29;2026-08-06;8;Papua New Guinea;No;4944-3618-2897-8253;Papua New Guinea;;;;;;;;;;;;;;
ID29624132;Isabella;Lee;Swedish;EY488;2026-07-16;2026-07-22;6;Eswatini;No;4180-9460-9953-6118;Eswatini;;;;;;;;;;;;;;
ID56072003;Oliver;Clark;Belgian;AF882;2026-07-27;2026-07-29;2;Sri Lanka;Yes;4690-9953-2738-3335;Belgian;;;;;;;;;;;;;;
ID34433710;Isabella;Flores;Dutch;JL923;2026-06-23;2026-07-01;8;Sri Lanka;No;4540-8746-2869-1566;Sri Lanka;;;;;;;;;;;;;;
ID65684535;Scarlett;Scott;French;JL572;2026-06-18;2026-06-20;2;Eswatini;Yes;4108-8566-1736-9526;Eswatini;;;;;;;;;;;;;;
ID52175267;Sienna;Young;American;EK834;2026-06-25;2026-07-05;10;Sri Lanka;No;4094-6302-8828-1177;American;;;;;;;;;;;;;;
ID25911516;Isabella;Scott;French;BA964;2026-07-05;2026-07-14;9;Myanmar;Yes;4660-1620-7531-4983;Myanmar;;;;;;;;;;;;;;
ID77640597;Ava;Jackson;Swedish;QR439;2026-07-06;2026-07-08;2;Italy;No;4106-7382-7064-1356;Swedish;;;;;;;;;;;;;;
ID22169683;Luna;Jackson;French;CX186;2026-06-24;2026-06-28;4;Pennsylvania;No;4868-9027-5106-1880;Pennsylvania;;;;;;;;;;;;;;
ID35152904;Sebastian;Anderson;Swedish;AF608;2026-08-04;2026-08-12;8;Papua New Guinea;No;4768-4281-1424-1666;Swedish;;;;;;;;;;;;;;
ID25501792;Scarlett;Robinson;Mexican;EY722;2026-07-24;2026-07-28;4;France;No;4915-2673-5287-3373;Mexican;;;;;;;;;;;;;;
ID85840553;James;Lopez;Belgian;LH877;2026-07-03;2026-07-05;2;Lesotho;Yes;4180-2649-5426-7734;Lesotho;;;;;;;;;;;;;;
ID30515844;Ethan;Lewis;Canadian;SQ136;2026-07-09;2026-07-18;9;Italy;No;4347-8417-9544-9261;Canadian;;;;;;;;;;;;;;
ID35918265;Alexander;Miller;Portuguese;KL771;2026-08-06;2026-08-07;1;Congo;Yes;4570-6802-6101-5987;Congo;;;;;;;;;;;;;;
ID80728281;Benjamin;Clark;Italian;KL754;2026-07-22;2026-07-28;6;Germany;No;4822-9197-1266-8496;Italian;;;;;;;;;;;;;;
ID34828492;Jackson;Walker;Portuguese;EY630;2026-08-18;2026-08-25;7;Italy;Yes;4666-3581-8789-7681;Portuguese;;;;;;;;;;;;;;
ID21479609;Scarlett;Allen;French;DL994;2026-07-18;2026-07-22;4;Spain;No;4115-2330-3766-3424;Spain;;;;;;;;;;;;;;
ID22304950;Elijah;Young;German;SQ948;2026-07-18;2026-07-27;9;Papua New Guinea;Yes;4974-7297-5845-5999;German;;;;;;;;;;;;;;
ID21353252;Abigail;Thomas;Austrian;AF994;2026-07-06;2026-07-08;2;Lesotho;Yes;4393-5946-1830-5267;Lesotho;;;;;;;;;;;;;;
ID86045122;Samuel;Wilson;Italian;BA831;2026-06-23;2026-06-24;1;Pennsylvania;Yes;4664-3185-5845-6878;Italian;;;;;;;;;;;;;;
ID56544958;Harper;Thompson;Italian;QF494;2026-08-12;2026-08-19;7;Japan;Yes;4144-2208-5983-3663;Japan;;;;;;;;;;;;;;
ID52869945;Emma;Thomas;Dutch;BA275;2026-06-18;2026-06-20;2;Congo;No;4000-4417-5967-1657;Congo;;;;;;;;;;;;;;
ID14008047;Henry;White;German;UA954;2026-07-19;2026-07-20;1;Pennsylvania;Yes;4428-7831-7893-9987;Pennsylvania;;;;;;;;;;;;;;
ID19254438;Daniel;Anderson;American;BA975;2026-06-26;2026-06-27;1;Mozambique;No;4153-4226-7605-5971;Mozambique;;;;;;;;;;;;;;
ID27935781;Madison;Walker;Danish;AA300;2026-07-13;2026-07-15;2;Brazil;No;4179-9787-7679-1011;Brazil;;;;;;;;;;;;;;
ID32709841;Noah;Harris;American;EY988;2026-07-22;2026-07-31;9;Myanmar;Yes;4256-5195-9474-9265;Myanmar;;;;;;;;;;;;;;
ID35199623;Emily;Thompson;German;CX961;2026-06-30;2026-07-10;10;Myanmar;Yes;4720-9842-4723-6515;Myanmar;;;;;;;;;;;;;;
ID70775444;Emily;Flores;Canadian;UA796;2026-08-18;2026-08-24;6;Italy;Yes;4971-4061-9632-2123;Italy;;;;;;;;;;;;;;
ID16142466;Madison;Jackson;French;JL144;2026-07-07;2026-07-16;9;Australia;No;4332-5518-2958-8885;Australia;;;;;;;;;;;;;;
ID28982872;Elijah;Thomas;American;QR697;2026-07-22;2026-07-27;5;Mozambique;Yes;4549-4813-7100-6841;Mozambique;;;;;;;;;;;;;;
ID50839283;Madison;Martinez;American;JL926;2026-07-30;2026-08-03;4;Japan;Yes;4763-6985-1496-8926;Japan;;;;;;;;;;;;;;
ID41149119;Abigail;Allen;Swedish;SQ310;2026-07-05;2026-07-09;4;Italy;No;4754-6276-4686-4584;Italy;;;;;;;;;;;;;;
ID28857241;Camila;Williams;Spanish;CX954;2026-07-25;2026-07-27;2;Spain;Yes;4466-9237-9381-1482;Spanish;;;;;;;;;;;;;;
ID60822540;Ella;Moore;Portuguese;EY185;2026-07-29;2026-07-31;2;Canada;Yes;4942-3218-4276-6902;Canada;;;;;;;;;;;;;;
ID98436759;Oliver;Lee;Italian;JL705;2026-07-14;2026-07-22;8;Spain;No;4591-9983-2210-2119;Italian;;;;;;;;;;;;;;
ID45146509;Alexander;Williams;German;LH991;2026-07-06;2026-07-14;8;Brazil;No;4697-9980-9905-7775;Brazil;;;;;;;;;;;;;;
ID58622579;Alexander;Moore;Dutch;EY236;2026-07-19;2026-07-28;9;Canada;Yes;4439-6793-5924-1920;Canada;;;;;;;;;;;;;;
ID20103858;Abigail;Sanchez;American;LH456;2026-07-11;2026-07-12;1;Canada;Yes;4200-2345-7251-6953;American;;;;;;;;;;;;;;
ID76512337;Charlotte;Miller;Australian;SQ797;2026-08-09;2026-08-13;4;South Africa;No;4557-5884-4866-8508;Australian;;;;;;;;;;;;;;
ID46921264;Ethan;Ramirez;Mexican;AA778;2026-08-14;2026-08-18;4;Myanmar;Yes;4176-7227-4192-7205;Myanmar;;;;;;;;;;;;;;
ID17464199;David;Smith;Polish;BA555;2026-08-03;2026-08-09;6;Pennsylvania;Yes;4361-3474-3610-8359;Polish;;;;;;;;;;;;;;
ID19559382;Noah;Flores;Canadian;EY634;2026-07-28;2026-08-03;6;Germany;Yes;4377-4807-2132-1291;Germany;;;;;;;;;;;;;;
ID93571254;Mia;Brown;Norwegian;UA454;2026-08-21;2026-08-22;1;Myanmar;No;4233-6661-5957-1719;Norwegian;;;;;;;;;;;;;;
ID84216648;Mia;Garcia;American;KL290;2026-07-23;2026-07-28;5;Spain;No;4200-6591-8884-2260;Spain;;;;;;;;;;;;;;
ID34053629;Sienna;Wilson;Japanese;AF759;2026-07-06;2026-07-08;2;Canada;No;4216-1154-4787-2236;Canada;;;;;;;;;;;;;;
ID51989489;David;Thomas;Canadian;AF810;2026-07-25;2026-08-01;7;Lesotho;Yes;4247-1832-1521-6709;Lesotho;;;;;;;;;;;;;;
ID80277980;Evelyn;Williams;Belgian;AF609;2026-07-22;2026-07-23;1;Myanmar;No;4695-5762-2651-4512;Myanmar;;;;;;;;;;;;;;
ID25426348;David;Robinson;British;KL902;2026-07-12;2026-07-22;10;Papua New Guinea;Yes;4499-9047-5063-1218;Papua New Guinea;;;;;;;;;;;;;;
ID29471013;Samuel;Lee;Norwegian;JL587;2026-08-01;2026-08-11;10;South Africa;No;4130-7113-3217-5537;South Africa;;;;;;;;;;;;;;
ID99799096;Benjamin;Miller;Australian;KL602;2026-07-17;2026-07-20;3;Lesotho;No;4364-3345-8347-1454;Lesotho;;;;;;;;;;;;;;
ID79071526;Camila;Anderson;Belgian;KL106;2026-08-15;2026-08-16;1;South Africa;Yes;4614-4625-1656-2963;South Africa;;;;;;;;;;;;;;
ID23281910;Ethan;Thomas;Spanish;CX485;2026-08-19;2026-08-23;4;Canada;Yes;4705-2238-7343-6823;Canada;;;;;;;;;;;;;;
ID58482601;Samuel;Garcia;Japanese;QR770;2026-07-25;2026-08-03;9;Eswatini;No;4449-7164-4306-7559;Japanese;;;;;;;;;;;;;;
ID82467715;Charlotte;Smith;Portuguese;CX419;2026-08-02;2026-08-05;3;South Africa;No;4574-7470-4182-2716;South Africa;;;;;;;;;;;;;;
ID59943931;Ava;Sanchez;Dutch;KL473;2026-07-02;2026-07-11;9;United Kingdom;Yes;4209-8640-4166-4567;United Kingdom;;;;;;;;;;;;;;
ID52631215;Ethan;White;Polish;SQ992;2026-08-07;2026-08-14;7;Myanmar;No;4326-3299-5076-2719;Polish;;;;;;;;;;;;;;
ID98398300;James;Davis;German;UA240;2026-08-11;2026-08-21;10;Japan;Yes;4112-1731-9564-4888;Japan;;;;;;;;;;;;;;
ID86816936;Jackson;Flores;Swiss;DL465;2026-07-12;2026-07-19;7;Myanmar;No;4142-3292-3131-3910;Swiss;;;;;;;;;;;;;;
ID95327662;Sophia;Gonzalez;Mexican;BA376;2026-08-06;2026-08-15;9;Papua New Guinea;Yes;4953-1801-8045-6319;Mexican;;;;;;;;;;;;;;
ID10623562;Sebastian;Young;Italian;DL881;2026-08-20;2026-08-24;4;Italy;Yes;4180-6802-9347-8770;Italy;;;;;;;;;;;;;;
ID58511633;Elizabeth;Wright;Australian;AF190;2026-07-16;2026-07-23;7;France;Yes;4441-9124-4576-2370;Australian;;;;;;;;;;;;;;
ID13784957;Camila;Lee;Mexican;SQ836;2026-07-13;2026-07-23;10;Congo;Yes;4812-8247-3357-2393;Mexican;;;;;;;;;;;;;;
ID37289981;Sienna;Robinson;American;JL361;2026-06-29;2026-07-02;3;United Kingdom;No;4448-8488-3845-2813;United Kingdom;;;;;;;;;;;;;;
ID83402185;Elizabeth;Brown;German;AA387;2026-08-10;2026-08-11;1;Papua New Guinea;No;4348-1512-1626-6093;Papua New Guinea;;;;;;;;;;;;;;
ID38420077;Harper;Brown;Spanish;BA575;2026-07-01;2026-07-10;9;Lesotho;Yes;4703-5328-8737-5558;Lesotho;;;;;;;;;;;;;;
ID18878527;Mia;Rodriguez;British;UA758;2026-07-21;2026-07-30;9;Pennsylvania;No;4694-1180-6735-9050;British;;;;;;;;;;;;;;
ID85231670;Benjamin;Jackson;Japanese;KL997;2026-06-15;2026-06-20;5;Canada;Yes;4180-8025-6392-6520;Japanese;;;;;;;;;;;;;;
ID65582050;Sebastian;Taylor;Swedish;QF397;2026-08-14;2026-08-15;1;Myanmar;No;4782-9281-3763-5979;Myanmar;;;;;;;;;;;;;;
ID60212024;Victoria;Martinez;British;UA910;2026-08-14;2026-08-18;4;Spain;No;4226-5886-4369-1857;British;;;;;;;;;;;;;;
ID21085623;Emma;Jackson;Belgian;UA944;2026-06-28;2026-07-03;5;Papua New Guinea;No;4229-5231-6275-7009;Papua New Guinea;;;;;;;;;;;;;;
ID44981687;Sebastian;Martin;Canadian;JL790;2026-07-17;2026-07-25;8;Sri Lanka;Yes;4763-1061-1948-1376;Canadian;;;;;;;;;;;;;;
ID61871171;Harper;Anderson;American;CX779;2026-07-26;2026-07-30;4;Pennsylvania;Yes;4688-8248-3747-8573;American;;;;;;;;;;;;;;
ID50600049;Amelia;Wilson;German;JL484;2026-08-19;2026-08-22;3;Congo;No;4152-3198-5105-9326;German;;;;;;;;;;;;;;
ID11739466;Jackson;Scott;American;DL377;2026-08-01;2026-08-08;7;Papua New Guinea;Yes;4208-4699-7394-8943;Papua New Guinea;;;;;;;;;;;;;;
ID49168690;Oliver;Young;Dutch;KL632;2026-07-10;2026-07-14;4;Lesotho;Yes;4709-3808-2628-9467;Lesotho;;;;;;;;;;;;;;
ID54406251;James;Johnson;Italian;LH804;2026-06-21;2026-06-27;6;Eswatini;No;4569-9674-4979-8640;Eswatini;;;;;;;;;;;;;;
ID37174578;Olivia;Jackson;Swiss;LH393;2026-06-21;2026-06-27;6;Canada;Yes;4885-8649-2281-7494;Swiss;;;;;;;;;;;;;;
ID27001119;James;Hill;Brazilian;LH459;2026-08-06;2026-08-12;6;France;Yes;4601-9231-1789-4778;Brazilian;;;;;;;;;;;;;;
ID80597149;Elizabeth;Hernandez;Dutch;AA808;2026-07-30;2026-08-08;9;Japan;Yes;4387-5396-5387-3319;Dutch;;;;;;;;;;;;;;
ID27669886;Sienna;Jones;Dutch;DL701;2026-08-21;2026-08-28;7;Congo;Yes;4909-6114-3306-6581;Congo;;;;;;;;;;;;;;
ID21080136;Olivia;Perez;French;KL160;2026-07-09;2026-07-19;10;Japan;Yes;4524-1114-9341-6894;Japan;;;;;;;;;;;;;;
ID14413595;Benjamin;Williams;Portuguese;QR327;2026-07-11;2026-07-20;9;Canada;No;4409-8996-7506-7178;Canada;;;;;;;;;;;;;;
ID45831015;Camila;Perez;Spanish;EK260;2026-06-27;2026-06-30;3;Lesotho;No;4571-1961-3532-5860;Lesotho;;;;;;;;;;;;;;
ID28807506;Jackson;Nguyen;Swiss;KL183;2026-07-12;2026-07-17;5;Congo;Yes;4982-2445-1959-4754;Swiss;;;;;;;;;;;;;;
ID45819249;Abigail;Moore;Belgian;BA954;2026-07-26;2026-08-04;9;Sri Lanka;Yes;4476-1277-9008-3829;Sri Lanka;;;;;;;;;;;;;;
ID85857070;Jack;Harris;Japanese;CX411;2026-07-15;2026-07-16;1;Congo;No;4550-5802-4990-3213;Congo;;;;;;;;;;;;;;
ID67120866;Emma;Lopez;Norwegian;EK455;2026-07-27;2026-08-04;8;United Kingdom;Yes;4916-9701-7908-8023;Norwegian;;;;;;;;;;;;;;
ID91661245;Daniel;Gonzalez;Portuguese;KL897;2026-06-20;2026-06-25;5;Germany;Yes;4061-8455-8583-4344;Germany;;;;;;;;;;;;;;
ID37357520;Sebastian;Moore;Polish;EY172;2026-08-07;2026-08-09;2;Pennsylvania;No;4953-8892-9639-2693;Polish;;;;;;;;;;;;;;
ID40289222;Elijah;Jackson;Dutch;UA239;2026-06-15;2026-06-17;2;Brazil;Yes;4738-2716-7421-6088;Brazil;;;;;;;;;;;;;;
ID52556978;Ella;Wilson;Norwegian;AF803;2026-08-10;2026-08-17;7;Congo;Yes;4436-1265-9148-4626;Congo;;;;;;;;;;;;;;
ID91387240;Matthew;Johnson;French;EY268;2026-07-23;2026-07-27;4;France;No;4406-8729-9660-1029;French;;;;;;;;;;;;;;
ID84565754;Victoria;Hernandez;Japanese;DL624;2026-06-15;2026-06-23;8;Spain;Yes;4915-1407-8882-5064;Spain;;;;;;;;;;;;;;
ID18753152;Owen;Perez;Belgian;KL124;2026-07-05;2026-07-14;9;Myanmar;No;4154-4514-1692-5215;Belgian;;;;;;;;;;;;;;
ID11826641;James;Scott;Danish;LH363;2026-08-21;2026-08-30;9;Japan;Yes;4628-2244-5159-8927;Danish;;;;;;;;;;;;;;
ID77164168;Sienna;Clark;Danish;KL993;2026-08-18;2026-08-24;6;France;No;4638-9487-8377-8628;Danish;;;;;;;;;;;;;;
ID58562958;Harper;Miller;Italian;QR345;2026-06-26;2026-07-03;7;Pennsylvania;No;4117-6457-6190-3108;Pennsylvania;;;;;;;;;;;;;;
ID80235150;Jackson;Anderson;Portuguese;KL262;2026-07-31;2026-08-03;3;Canada;No;4152-9674-5005-3334;Portuguese;;;;;;;;;;;;;;
ID58486168;Scarlett;Sanchez;German;AA594;2026-08-02;2026-08-11;9;Lesotho;No;4439-3135-3057-5705;German;;;;;;;;;;;;;;
ID35308857;Samuel;Clark;Belgian;SQ206;2026-07-29;2026-07-31;2;Lesotho;Yes;4637-4071-1384-7501;Lesotho;;;;;;;;;;;;;;
ID19633488;Lucas;Moore;Norwegian;CX299;2026-07-27;2026-08-03;7;Germany;Yes;4179-2257-6157-2827;Norwegian;;;;;;;;;;;;;;
ID11495875;Oliver;White;Polish;KL862;2026-07-12;2026-07-19;7;Spain;Yes;4528-5394-2119-8754;Polish;;;;;;;;;;;;;;
ID77796457;Liam;Gonzalez;Spanish;LH203;2026-07-27;2026-07-30;3;Germany;No;4903-6425-2603-2753;Spanish;;;;;;;;;;;;;;
ID99232144;Isabella;Clark;American;LH671;2026-07-16;2026-07-22;6;Myanmar;Yes;4877-2869-5097-3003;Myanmar;;;;;;;;;;;;;;
ID83146125;Sophia;Harris;Polish;QR737;2026-07-24;2026-07-31;7;Eswatini;Yes;4677-7496-3952-1295;Eswatini;;;;;;;;;;;;;;
ID15350804;Benjamin;Garcia;Norwegian;UA444;2026-07-16;2026-07-20;4;Pennsylvania;No;4087-3021-2251-6719;Norwegian;;;;;;;;;;;;;;
ID47765074;Oliver;Hill;Swiss;CX580;2026-07-27;2026-08-06;10;Mozambique;No;4351-3145-7025-5220;Swiss;;;;;;;;;;;;;;
ID75610848;Benjamin;Johnson;Italian;SQ586;2026-08-04;2026-08-12;8;Papua New Guinea;No;4732-2863-9928-8875;Papua New Guinea;;;;;;;;;;;;;;
ID42200927;Mia;Williams;Austrian;SQ293;2026-06-17;2026-06-19;2;Australia;No;4429-6420-5118-2458;Austrian;;;;;;;;;;;;;;
ID69619685;Henry;Moore;Austrian;BA350;2026-08-15;2026-08-21;6;Brazil;Yes;4605-1549-1481-5491;Brazil;;;;;;;;;;;;;;
ID40052587;Madison;Garcia;Belgian;LH194;2026-07-11;2026-07-18;7;Papua New Guinea;Yes;4066-2575-6285-8596;Papua New Guinea;;;;;;;;;;;;;;
ID23919506;Sebastian;Wilson;Australian;EK338;2026-06-29;2026-07-08;9;Pennsylvania;Yes;4742-6445-8339-8229;Australian;;;;;;;;;;;;;;
ID15748125;Noah;Allen;American;LH794;2026-08-15;2026-08-25;10;South Africa;No;4064-6438-4314-9612;South Africa;;;;;;;;;;;;;;
ID79366331;Isabella;Miller;Italian;AF105;2026-06-16;2026-06-22;6;Congo;No;4090-4523-7489-3165;Congo;;;;;;;;;;;;;;
ID10771494;Samuel;Lopez;Swedish;EY967;2026-08-20;2026-08-22;2;Italy;No;4226-1646-1885-7580;Swedish;;;;;;;;;;;;;;
ID84634269;Emily;Anderson;Polish;AF208;2026-07-22;2026-07-23;1;Brazil;No;4486-2399-9963-7321;Polish;;;;;;;;;;;;;;
ID46444298;Samuel;Lewis;Polish;BA434;2026-08-07;2026-08-08;1;Canada;Yes;4219-2869-5862-2721;Canada;;;;;;;;;;;;;;
ID93092401;Elizabeth;Allen;Dutch;LH805;2026-07-12;2026-07-21;9;Australia;Yes;4198-6229-8756-7068;Dutch;;;;;;;;;;;;;;
ID80700975;Sophia;Clark;Swedish;KL653;2026-08-06;2026-08-07;1;France;Yes;4107-5831-7884-1185;Swedish;;;;;;;;;;;;;;
ID79953901;Emma;Smith;Polish;DL974;2026-08-07;2026-08-13;6;Brazil;Yes;4917-8615-2365-5353;Polish;;;;;;;;;;;;;;
ID29487714;Harper;Garcia;British;LH550;2026-06-29;2026-07-01;2;Congo;Yes;4981-4410-2920-3673;British;;;;;;;;;;;;;;
ID56656745;David;Lee;Portuguese;AF428;2026-08-15;2026-08-24;9;Australia;No;4223-1954-7297-7339;Australia;;;;;;;;;;;;;;
ID79784434;Samuel;Robinson;Austrian;LH679;2026-07-20;2026-07-26;6;Mozambique;No;4083-1959-9787-6869;Mozambique;;;;;;;;;;;;;;
ID62340342;Alexander;Johnson;Spanish;EK863;2026-07-22;2026-07-26;4;Sri Lanka;No;4070-5640-2574-5697;Sri Lanka;;;;;;;;;;;;;;
ID45438672;Oliver;Davis;German;BA855;2026-07-09;2026-07-11;2;Mozambique;Yes;4788-3379-8915-8391;Mozambique;;;;;;;;;;;;;;
ID21681486;Evelyn;Gonzalez;Danish;AF102;2026-07-08;2026-07-17;9;France;Yes;4926-8048-5203-4277;France;;;;;;;;;;;;;;
ID60388011;Isabella;Clark;Canadian;QR219;2026-06-24;2026-06-25;1;Spain;No;4665-5223-2658-8115;Spain;;;;;;;;;;;;;;
ID77142808;Samuel;Brown;Mexican;DL393;2026-07-22;2026-07-23;1;Sri Lanka;Yes;4451-2151-8768-6716;Sri Lanka;;;;;;;;;;;;;;
ID16397974;Luna;Harris;Canadian;JL543;2026-07-23;2026-08-01;9;South Africa;No;4196-8209-8880-6455;South Africa;;;;;;;;;;;;;;
ID15121790;Luna;Garcia;German;EY900;2026-07-27;2026-08-04;8;Pennsylvania;No;4713-8022-7956-8237;German;;;;;;;;;;;;;;
ID62512584;Sophia;Lopez;Austrian;UA384;2026-07-13;2026-07-21;8;Congo;Yes;4502-8572-8157-7264;Austrian;;;;;;;;;;;;;;
ID76567692;Aiden;Scott;Italian;QR590;2026-06-30;2026-07-04;4;Myanmar;No;4691-6761-5546-4754;Myanmar;;;;;;;;;;;;;;
ID60640740;Harper;Harris;Australian;AF731;2026-08-16;2026-08-17;1;United Kingdom;Yes;4983-3426-7741-3128;Australian;;;;;;;;;;;;;;
ID84845774;Jack;Nguyen;British;EK650;2026-08-03;2026-08-07;4;Spain;No;4182-4251-7358-3109;British;;;;;;;;;;;;;;
ID69638211;Ava;Sanchez;American;EY895;2026-07-05;2026-07-07;2;Myanmar;No;4995-3836-2895-9390;Myanmar;;;;;;;;;;;;;;
ID51741297;Harper;Lopez;French;EK986;2026-08-19;2026-08-28;9;Mozambique;No;4549-8566-9426-1936;French;;;;;;;;;;;;;;
ID90289262;Camila;Lewis;American;AA451;2026-06-27;2026-07-07;10;Brazil;Yes;4113-9714-6210-4942;American;;;;;;;;;;;;;;
ID21229433;Mia;Taylor;Swedish;QF323;2026-07-28;2026-07-31;3;Japan;Yes;4488-8978-7209-2711;Japan;;;;;;;;;;;;;;
ID12274927;Victoria;Thompson;Brazilian;DL219;2026-07-01;2026-07-05;4;South Africa;Yes;4249-1050-9001-4703;South Africa;;;;;;;;;;;;;;
ID65529049;Henry;Taylor;Norwegian;JL973;2026-06-25;2026-06-26;1;Brazil;Yes;4979-3580-9791-4788;Brazil;;;;;;;;;;;;;;
ID68090303;Charlotte;Perez;Italian;BA380;2026-08-04;2026-08-08;4;Australia;No;4861-4345-5656-4550;Italian;;;;;;;;;;;;;;
ID39369289;Madison;Walker;Belgian;BA887;2026-08-03;2026-08-06;3;Mozambique;No;4508-1014-9815-5093;Belgian;;;;;;;;;;;;;;
ID71407823;Olivia;Lee;Australian;EY170;2026-08-09;2026-08-18;9;Germany;Yes;4041-4840-8396-7232;Germany;;;;;;;;;;;;;;
ID43182195;Emma;Martinez;French;LH975;2026-07-18;2026-07-23;5;Japan;Yes;4971-2928-3872-1368;French;;;;;;;;;;;;;;
ID10482444;James;Nguyen;American;JL640;2026-06-29;2026-07-09;10;Japan;Yes;4057-9501-1205-2191;Japan;;;;;;;;;;;;;;
ID28517392;Samuel;Young;Japanese;JL937;2026-06-24;2026-07-01;7;Italy;Yes;4857-5879-1577-8897;Italy;;;;;;;;;;;;;;
ID89346823;Harper;Jones;Austrian;CX726;2026-07-01;2026-07-09;8;Australia;Yes;4654-3429-6382-4197;Australia;;;;;;;;;;;;;;
ID78622256;Noah;Ramirez;Austrian;JL550;2026-08-01;2026-08-11;10;South Africa;Yes;4080-6087-1542-4781;South Africa;;;;;;;;;;;;;;
ID67294856;Aiden;Wilson;Dutch;QF129;2026-07-17;2026-07-27;10;Lesotho;No;4060-5446-5915-6776;Dutch;;;;;;;;;;;;;;
ID69206747;Aiden;Robinson;French;KL423;2026-08-21;2026-08-28;7;Papua New Guinea;Yes;4147-1425-4988-1565;Papua New Guinea;;;;;;;;;;;;;;
ID32450124;Matthew;Smith;Australian;LH243;2026-08-13;2026-08-14;1;United Kingdom;No;4433-5020-5545-2421;United Kingdom;;;;;;;;;;;;;;
ID68716328;Mia;Williams;Australian;DL350;2026-07-22;2026-07-28;6;Italy;Yes;4528-4963-7798-3979;Australian;;;;;;;;;;;;;;
ID96287716;Owen;Scott;Danish;KL306;2026-07-19;2026-07-23;4;Myanmar;No;4167-8596-8130-2283;Myanmar;;;;;;;;;;;;;;
ID80302041;Aiden;Miller;Japanese;LH915;2026-08-18;2026-08-25;7;Papua New Guinea;Yes;4627-9398-2702-1138;Papua New Guinea;;;;;;;;;;;;;;
ID62564281;Lucas;Martinez;Danish;QR575;2026-07-09;2026-07-16;7;United Kingdom;Yes;4950-6238-6926-2059;United Kingdom;;;;;;;;;;;;;;
ID13639967;Emily;Martinez;Brazilian;JL717;2026-07-09;2026-07-18;9;Eswatini;Yes;4770-8928-4449-7181;Eswatini;;;;;;;;;;;;;;
ID37391890;Ella;Garcia;Belgian;AF910;2026-08-10;2026-08-18;8;Pennsylvania;No;4544-1951-1166-5172;Belgian;;;;;;;;;;;;;;
ID36573770;Camila;Harris;Swiss;LH732;2026-07-10;2026-07-15;5;Papua New Guinea;No;4856-2182-1197-8227;Swiss;;;;;;;;;;;;;;
ID70023797;Harper;Scott;Austrian;AA600;2026-07-08;2026-07-18;10;Brazil;Yes;4982-1026-9086-4661;Brazil;;;;;;;;;;;;;;
ID12681692;Ella;Scott;Swedish;QR401;2026-06-29;2026-07-08;9;Brazil;No;4238-8256-7209-1707;Brazil;;;;;;;;;;;;;;
ID52416884;David;Sanchez;Spanish;EK891;2026-07-30;2026-08-03;4;South Africa;Yes;4187-7553-7091-4553;South Africa;;;;;;;;;;;;;;
ID38040061;Liam;Moore;Portuguese;CX911;2026-07-10;2026-07-15;5;Congo;Yes;4967-5126-4154-3975;Congo;;;;;;;;;;;;;;
ID30378528;Lucas;Martinez;Japanese;KL283;2026-07-24;2026-07-31;7;Spain;Yes;4385-9884-8893-6043;Japanese;;;;;;;;;;;;;;
ID61949417;Elijah;Brown;Danish;AA243;2026-07-13;2026-07-20;7;Germany;Yes;4964-5485-6603-6393;Germany;;;;;;;;;;;;;;
ID38403420;Lucas;Ramirez;Brazilian;AA139;2026-07-22;2026-07-28;6;Sri Lanka;Yes;4202-3453-4145-3651;Brazilian;;;;;;;;;;;;;;
ID90730393;Evelyn;Scott;Portuguese;EY349;2026-07-16;2026-07-26;10;Germany;No;4791-2759-2223-9159;Germany;;;;;;;;;;;;;;
ID46772037;Mia;Hernandez;Danish;KL748;2026-08-03;2026-08-09;6;Japan;Yes;4893-3879-5037-4850;Danish;;;;;;;;;;;;;;
ID33230309;Ethan;Scott;Swiss;EK250;2026-07-08;2026-07-13;5;France;Yes;4628-6144-4531-5757;Swiss;;;;;;;;;;;;;;
ID40823112;Olivia;Allen;Belgian;KL517;2026-08-04;2026-08-14;10;Italy;Yes;4136-7032-9556-6726;Italy;;;;;;;;;;;;;;
ID28752953;Sebastian;Sanchez;Spanish;UA906;2026-08-02;2026-08-03;1;Congo;No;4261-3373-3192-6043;Spanish;;;;;;;;;;;;;;
ID80253935;Camila;Thompson;Mexican;QR222;2026-07-11;2026-07-13;2;Lesotho;Yes;4609-4392-2781-7439;Lesotho;;;;;;;;;;;;;;
ID39584350;Sophia;Martinez;Mexican;UA111;2026-07-30;2026-08-02;3;Italy;No;4324-8546-2616-3206;Mexican;;;;;;;;;;;;;;
ID62185270;James;Harris;Brazilian;EY569;2026-08-04;2026-08-07;3;Eswatini;Yes;4760-2778-3103-4000;Brazilian;;;;;;;;;;;;;;
ID28722788;Sophia;Garcia;Canadian;KL480;2026-06-27;2026-06-29;2;Pennsylvania;Yes;4947-7361-5761-7134;Canadian;;;;;;;;;;;;;;
ID98950098;Mason;Martin;Mexican;QF713;2026-06-30;2026-07-08;8;Sri Lanka;Yes;4130-1097-1092-5366;Mexican;;;;;;;;;;;;;;
ID39830229;Sienna;Robinson;Canadian;AF252;2026-07-04;2026-07-11;7;Japan;No;4381-4778-7210-1113;Japan;;;;;;;;;;;;;;
ID28815213;Lucas;Jackson;Italian;JL883;2026-07-12;2026-07-21;9;Papua New Guinea;No;4291-9548-3762-2771;Italian;;;;;;;;;;;;;;
ID24483760;Benjamin;Garcia;Japanese;EY508;2026-07-13;2026-07-18;5;Australia;No;4182-6585-7182-4812;Australia;;;;;;;;;;;;;;
ID18809852;Amelia;Martinez;Spanish;UA751;2026-06-27;2026-07-07;10;Japan;No;4962-4148-8667-1104;Japan;;;;;;;;;;;;;;
ID53119585;Amelia;Lewis;Belgian;KL661;2026-06-26;2026-07-01;5;Papua New Guinea;Yes;4264-4303-6624-6363;Belgian;;;;;;;;;;;;;;
ID71985913;Sophia;Flores;Austrian;LH354;2026-08-17;2026-08-27;10;South Africa;No;4736-5547-3716-6978;South Africa;;;;;;;;;;;;;;
ID59504030;Charlotte;Flores;French;AA459;2026-07-08;2026-07-12;4;Japan;Yes;4828-3150-3784-7190;French;;;;;;;;;;;;;;
ID57925237;Matthew;Lewis;Australian;EK904;2026-08-01;2026-08-09;8;United Kingdom;Yes;4689-7443-4005-7896;Australian;;;;;;;;;;;;;;
ID89564763;Sienna;Harris;Belgian;EK115;2026-08-17;2026-08-20;3;Germany;Yes;4644-9240-1469-2620;Germany;;;;;;;;;;;;;;
ID97174849;Elijah;Brown;Japanese;BA639;2026-08-04;2026-08-12;8;Congo;No;4989-6937-2392-5048;Japanese;;;;;;;;;;;;;;
ID37841916;Aiden;Flores;Polish;QF960;2026-07-30;2026-08-01;2;Italy;Yes;4626-6451-8469-3252;Polish;;;;;;;;;;;;;;
ID73447001;Jackson;Taylor;Italian;BA820;2026-06-24;2026-07-03;9;Japan;Yes;4204-1525-4660-7109;Japan;;;;;;;;;;;;;;
ID89834744;Elizabeth;Lopez;Swiss;AF326;2026-07-20;2026-07-29;9;Sri Lanka;No;4049-2531-9739-6862;Swiss;;;;;;;;;;;;;;
ID18629731;Olivia;Moore;Danish;EY697;2026-08-04;2026-08-14;10;Australia;Yes;4800-7821-9902-2694;Australia;;;;;;;;;;;;;;
ID82564707;David;Garcia;Austrian;DL426;2026-08-11;2026-08-17;6;Papua New Guinea;Yes;4738-5003-3111-7963;Austrian;;;;;;;;;;;;;;
ID60151615;Sebastian;Garcia;American;DL336;2026-07-10;2026-07-12;2;Congo;Yes;4230-8921-9056-9904;Congo;;;;;;;;;;;;;;
ID37139202;Alexander;Brown;Japanese;QR388;2026-08-20;2026-08-28;8;Spain;Yes;4529-9082-3292-1078;Spain;;;;;;;;;;;;;;
ID13485532;Sienna;Brown;Canadian;EY827;2026-06-16;2026-06-20;4;Sri Lanka;No;4880-7386-4590-3410;Canadian;;;;;;;;;;;;;;
ID31079223;Noah;Lee;Brazilian;KL166;2026-06-17;2026-06-21;4;Myanmar;Yes;4033-3015-6412-2908;Myanmar;;;;;;;;;;;;;;
ID70754678;Madison;King;British;SQ660;2026-07-26;2026-07-30;4;South Africa;Yes;4916-1358-8526-4686;South Africa;;;;;;;;;;;;;;
ID63391298;Abigail;Lee;Swiss;CX449;2026-07-06;2026-07-12;6;United Kingdom;No;4345-7846-9255-5072;United Kingdom;;;;;;;;;;;;;;
ID13970187;David;Robinson;Mexican;UA916;2026-07-07;2026-07-17;10;Pennsylvania;No;4446-3585-2907-8014;Pennsylvania;;;;;;;;;;;;;;
ID29391855;Emily;Flores;Norwegian;SQ988;2026-08-07;2026-08-16;9;Italy;No;4993-7618-2358-3619;Italy;;;;;;;;;;;;;;
ID11042400;Madison;Thomas;Belgian;SQ161;2026-07-24;2026-07-30;6;Japan;Yes;4225-6134-2847-7680;Belgian;;;;;;;;;;;;;;
ID24621367;Scarlett;Torres;Danish;KL554;2026-06-18;2026-06-20;2;Myanmar;No;4118-3691-3977-4053;Myanmar;;;;;;;;;;;;;;
ID82260260;Sienna;Flores;Dutch;CX783;2026-08-13;2026-08-20;7;United Kingdom;No;4663-7963-4740-6785;Dutch;;;;;;;;;;;;;;
ID63381695;Ava;Lopez;British;BA363;2026-07-11;2026-07-17;6;Japan;Yes;4946-9564-9445-6432;British;;;;;;;;;;;;;;
ID36673831;Sophia;Walker;French;AF207;2026-08-02;2026-08-10;8;Spain;No;4719-1897-1289-8077;Spain;;;;;;;;;;;;;;
ID47103698;David;Scott;Canadian;EY513;2026-06-30;2026-07-01;1;United Kingdom;No;4453-6214-4559-5883;United Kingdom;;;;;;;;;;;;;;
ID46762272;Sienna;Gonzalez;Norwegian;KL645;2026-06-15;2026-06-16;1;Brazil;Yes;4130-1423-5007-4429;Brazil;;;;;;;;;;;;;;
ID30176308;Liam;Harris;Swedish;EY330;2026-08-03;2026-08-08;5;Lesotho;No;4264-4093-9978-9032;Lesotho;;;;;;;;;;;;;;
ID39664040;Harper;Moore;Italian;EK306;2026-07-14;2026-07-15;1;Spain;No;4731-6030-4788-8550;Italian;;;;;;;;;;;;;;
ID88039705;Samuel;White;Canadian;EY988;2026-06-19;2026-06-22;3;South Africa;No;4518-5974-4735-3154;South Africa;;;;;;;;;;;;;;
ID63775033;Jackson;Anderson;Polish;EK130;2026-07-24;2026-07-29;5;Mozambique;No;4410-7401-5797-2742;Mozambique;;;;;;;;;;;;;;
ID76736355;Mia;Clark;Austrian;DL406;2026-08-09;2026-08-10;1;Australia;No;4199-5564-2629-6372;Australia;;;;;;;;;;;;;;
ID22829390;Aiden;Martinez;Norwegian;LH564;2026-08-08;2026-08-17;9;France;Yes;4200-9859-8747-8357;Norwegian;;;;;;;;;;;;;;
ID36737704;Charlotte;Walker;Mexican;DL866;2026-06-20;2026-06-29;9;Myanmar;Yes;4097-6452-1105-2114;Mexican;;;;;;;;;;;;;;
ID19732501;Elizabeth;King;Australian;UA899;2026-06-22;2026-06-25;3;Sri Lanka;Yes;4551-3817-8507-5570;Australian;;;;;;;;;;;;;;
ID40175527;Scarlett;Wilson;Belgian;LH839;2026-06-22;2026-06-29;7;Italy;Yes;4291-1241-9348-5545;Belgian;;;;;;;;;;;;;;
ID77223071;Isabella;Young;Spanish;KL689;2026-06-24;2026-07-02;8;Eswatini;No;4993-1794-1888-8403;Eswatini;;;;;;;;;;;;;;
ID15246123;Abigail;Torres;Japanese;EY924;2026-06-27;2026-06-28;1;Pennsylvania;Yes;4650-5090-6048-7160;Pennsylvania;;;;;;;;;;;;;;
ID20425035;Ella;Davis;Australian;QR184;2026-07-16;2026-07-20;4;Eswatini;Yes;4785-6467-2982-4081;Australian;;;;;;;;;;;;;;
ID14245627;Henry;Brown;Australian;SQ840;2026-07-29;2026-07-31;2;Australia;No;4107-2866-4751-5978;Australian;;;;;;;;;;;;;;
ID86862108;Harper;Thomas;British;QR923;2026-08-04;2026-08-12;8;Japan;No;4456-7157-3962-3814;British;;;;;;;;;;;;;;
ID19245630;Isabella;Scott;British;BA241;2026-08-06;2026-08-08;2;Lesotho;Yes;4359-7298-2872-2002;British;;;;;;;;;;;;;;
ID51165398;Daniel;Young;Polish;CX808;2026-06-26;2026-07-06;10;Lesotho;Yes;4021-1585-6174-2260;Polish;;;;;;;;;;;;;;
ID20288394;Owen;Allen;Swiss;SQ930;2026-07-21;2026-07-25;4;Italy;Yes;4777-4025-1907-5733;Swiss;;;;;;;;;;;;;;
ID71727338;Benjamin;Wright;Spanish;QF817;2026-07-20;2026-07-28;8;Pennsylvania;No;4650-2487-1038-1840;Spanish;;;;;;;;;;;;;;
ID41052034;Jack;Allen;Danish;UA924;2026-07-14;2026-07-24;10;Sri Lanka;No;4110-3545-9868-1400;Sri Lanka;;;;;;;;;;;;;;
ID47837711;James;Scott;Canadian;UA379;2026-07-10;2026-07-13;3;Congo;No;4043-8691-7368-8618;Canadian;;;;;;;;;;;;;;
ID70584958;Madison;Rodriguez;Austrian;AA931;2026-06-30;2026-07-07;7;Congo;No;4778-9235-5622-2887;Austrian;;;;;;;;;;;;;;
ID33614363;Scarlett;Clark;Mexican;DL523;2026-07-18;2026-07-27;9;Myanmar;Yes;4428-6335-1734-8882;Myanmar;;;;;;;;;;;;;;
ID91437795;Elizabeth;Clark;German;CX576;2026-07-12;2026-07-21;9;Canada;Yes;4936-3715-8268-1675;Canada;;;;;;;;;;;;;;
ID26701452;Charlotte;Brown;Polish;AA856;2026-07-03;2026-07-12;9;Canada;Yes;4655-1442-6818-6933;Canada;;;;;;;;;;;;;;
ID86629143;Owen;Lopez;Mexican;EK922;2026-07-17;2026-07-18;1;Spain;Yes;4511-5987-6950-5413;Spain;;;;;;;;;;;;;;
ID79196109;Charlotte;Lee;Japanese;AF413;2026-07-15;2026-07-24;9;Papua New Guinea;No;4417-9403-2027-5893;Japanese;;;;;;;;;;;;;;
ID60295876;Evelyn;Rodriguez;Australian;EK130;2026-07-21;2026-07-28;7;Pennsylvania;No;4136-7843-3181-6500;Pennsylvania;;;;;;;;;;;;;;
ID82755435;Elizabeth;Gonzalez;Italian;BA819;2026-06-19;2026-06-27;8;Eswatini;No;4351-5490-9952-4579;Italian;;;;;;;;;;;;;;
ID22629696;Harper;Jackson;French;CX209;2026-08-06;2026-08-13;7;Italy;Yes;4196-4780-7996-3482;Italy;;;;;;;;;;;;;;
ID64285508;Sophia;Robinson;Mexican;BA211;2026-07-31;2026-08-02;2;Canada;No;4718-5122-2986-6780;Canada;;;;;;;;;;;;;;
ID99342396;Owen;Thomas;Norwegian;KL484;2026-07-20;2026-07-27;7;Spain;No;4353-9352-6279-2676;Spain;;;;;;;;;;;;;;
ID30415182;Luna;Lewis;German;BA914;2026-06-28;2026-07-03;5;South Africa;Yes;4418-9183-8507-4048;German;;;;;;;;;;;;;;
ID89064846;Noah;Jackson;Norwegian;SQ722;2026-07-01;2026-07-10;9;Spain;No;4253-5823-3848-8238;Norwegian;;;;;;;;;;;;;;
ID70960239;Mason;Thomas;Swiss;UA342;2026-07-13;2026-07-17;4;Spain;Yes;4444-6641-1762-8163;Swiss;;;;;;;;;;;;;;
ID39376779;Mia;Wright;Dutch;EY977;2026-07-30;2026-08-04;5;Pennsylvania;Yes;4281-7752-9620-7311;Dutch;;;;;;;;;;;;;;
ID36988586;Ethan;Taylor;Austrian;QR801;2026-08-16;2026-08-22;6;Lesotho;No;4341-8969-6495-7010;Lesotho;;;;;;;;;;;;;;
ID95994144;Scarlett;Williams;Portuguese;EK147;2026-07-11;2026-07-14;3;Spain;Yes;4391-5445-1915-9264;Spain;;;;;;;;;;;;;;
ID12884484;Scarlett;Gonzalez;Austrian;JL923;2026-07-24;2026-08-02;9;Spain;No;4290-8801-1308-8409;Spain;;;;;;;;;;;;;;
ID18273232;Harper;Wilson;Belgian;QF292;2026-07-05;2026-07-15;10;Italy;No;4780-1189-1346-1345;Belgian;;;;;;;;;;;;;;
ID29330436;Samuel;Garcia;Austrian;UA882;2026-08-08;2026-08-16;8;Spain;Yes;4584-7042-4128-2115;Austrian;;;;;;;;;;;;;;
ID39510677;Mia;Harris;Japanese;UA188;2026-07-17;2026-07-18;1;Mozambique;No;4887-5369-7104-8779;Mozambique;;;;;;;;;;;;;;
ID80692946;Ethan;Smith;British;EY802;2026-07-22;2026-07-24;2;United Kingdom;No;4119-8364-2891-7631;British;;;;;;;;;;;;;;
ID30530819;Elijah;Wright;Swiss;EK431;2026-07-03;2026-07-05;2;Spain;Yes;4213-5991-8328-9137;Swiss;;;;;;;;;;;;;;
ID88020185;James;Torres;German;SQ625;2026-07-16;2026-07-26;10;Brazil;No;4644-9757-7856-6928;Brazil;;;;;;;;;;;;;;
ID96892398;Abigail;Rodriguez;Austrian;EY430;2026-07-14;2026-07-23;9;Spain;No;4867-6992-1787-3355;Austrian;;;;;;;;;;;;;;
ID54385152;David;Sanchez;British;AF755;2026-07-21;2026-07-25;4;Eswatini;No;4163-3206-1160-5130;British;;;;;;;;;;;;;;
ID93233461;Jack;Scott;Portuguese;DL439;2026-07-12;2026-07-18;6;Spain;Yes;4879-7260-1227-2063;Portuguese;;;;;;;;;;;;;;
ID28362683;Evelyn;Williams;Swedish;DL666;2026-06-24;2026-06-25;1;South Africa;Yes;4575-8790-6061-2121;South Africa;;;;;;;;;;;;;;
ID26342564;Elizabeth;Hill;Portuguese;SQ169;2026-07-22;2026-07-29;7;Papua New Guinea;Yes;4559-1801-9222-2480;Papua New Guinea;;;;;;;;;;;;;;
ID76988930;Evelyn;Harris;French;QF866;2026-08-03;2026-08-06;3;Italy;Yes;4974-9299-7247-2425;Italy;;;;;;;;;;;;;;
ID70883770;David;Martinez;Canadian;EK395;2026-07-10;2026-07-14;4;France;No;4593-6119-7253-1680;France;;;;;;;;;;;;;;
ID38222813;Camila;Wright;Swedish;AA566;2026-07-02;2026-07-12;10;Congo;Yes;4454-4684-8584-3639;Swedish;;;;;;;;;;;;;;
ID27359492;Benjamin;Martin;Swedish;LH415;2026-07-14;2026-07-18;4;Italy;No;4871-1197-4679-3245;Italy;;;;;;;;;;;;;;
ID34660138;Oliver;Moore;Norwegian;EY491;2026-06-17;2026-06-19;2;Congo;No;4644-7359-7482-2489;Congo;;;;;;;;;;;;;;
ID17722758;Madison;Jackson;Austrian;CX624;2026-08-09;2026-08-18;9;Eswatini;Yes;4685-7976-6838-8905;Austrian;;;;;;;;;;;;;;
ID40678188;Victoria;Rodriguez;Swedish;UA398;2026-08-01;2026-08-08;7;Japan;No;4225-7253-4960-1934;Swedish;;;;;;;;;;;;;;
ID30005128;James;White;Portuguese;KL898;2026-07-16;2026-07-24;8;Myanmar;Yes;4532-3166-1492-9475;Portuguese;;;;;;;;;;;;;;
ID75705629;Jackson;Thompson;Mexican;QR139;2026-08-14;2026-08-15;1;South Africa;No;4711-1102-7103-8751;South Africa;;;;;;;;;;;;;;
ID17243025;Evelyn;Lee;Swedish;JL787;2026-06-20;2026-06-22;2;Italy;Yes;4800-3300-6614-5187;Italy;;;;;;;;;;;;;;
ID28163313;Abigail;Nguyen;Dutch;LH377;2026-06-27;2026-07-03;6;Pennsylvania;No;4635-6547-2392-2387;Pennsylvania;;;;;;;;;;;;;;
ID77328513;Elizabeth;Allen;Australian;AA514;2026-07-04;2026-07-05;1;Australia;No;4536-2629-3185-6261;Australia;;;;;;;;;;;;;;
ID16649179;David;Allen;Danish;LH891;2026-08-13;2026-08-18;5;Eswatini;Yes;4927-7915-5164-9422;Danish;;;;;;;;;;;;;;
ID16949189;Abigail;Ramirez;Belgian;SQ504;2026-08-06;2026-08-09;3;Congo;Yes;4368-6727-8450-6904;Belgian;;;;;;;;;;;;;;
ID44733751;Sebastian;Ramirez;British;EK229;2026-08-08;2026-08-10;2;Spain;No;4834-3090-6302-7702;Spain;;;;;;;;;;;;;;
ID66255242;Ella;Wilson;Danish;AA948;2026-07-04;2026-07-08;4;Sri Lanka;No;4127-3970-1824-3017;Sri Lanka;;;;;;;;;;;;;;
ID80614669;Lucas;Nguyen;Mexican;UA835;2026-06-26;2026-06-27;1;South Africa;No;4499-8448-4959-2578;Mexican;;;;;;;;;;;;;;
ID11574536;Ethan;Hernandez;German;BA559;2026-08-14;2026-08-19;5;United Kingdom;Yes;4421-3258-5591-2518;German;;;;;;;;;;;;;;
ID35338483;Benjamin;White;French;UA689;2026-07-04;2026-07-09;5;Pennsylvania;Yes;4602-2397-2610-1557;Pennsylvania;;;;;;;;;;;;;;
ID17689290;Lucas;Nguyen;Polish;DL492;2026-07-26;2026-08-02;7;Myanmar;No;4695-7552-1383-6631;Polish;;;;;;;;;;;;;;
ID60959841;Elizabeth;White;Austrian;AA261;2026-06-17;2026-06-22;5;Pennsylvania;No;4397-7711-2874-5131;Pennsylvania;;;;;;;;;;;;;;
ID47653568;Noah;Gonzalez;Japanese;QR674;2026-07-02;2026-07-05;3;United Kingdom;Yes;4572-9926-9540-4786;United Kingdom;;;;;;;;;;;;;;
ID78551365;Aiden;Thompson;French;CX131;2026-07-17;2026-07-21;4;Mozambique;Yes;4381-3314-9377-6249;French;;;;;;;;;;;;;;
ID76812170;Oliver;Wright;French;CX983;2026-08-06;2026-08-10;4;Spain;No;4927-1978-3433-9391;French;;;;;;;;;;;;;;
ID41967517;Daniel;Young;Brazilian;UA603;2026-07-30;2026-07-31;1;Lesotho;Yes;4985-7803-2208-3868;Brazilian;;;;;;;;;;;;;;
ID53735788;Noah;Nguyen;Belgian;AA544;2026-06-17;2026-06-24;7;Mozambique;Yes;4758-9424-9526-7719;Mozambique;;;;;;;;;;;;;;
ID97725525;Liam;Clark;Dutch;CX692;2026-08-12;2026-08-19;7;Italy;No;4899-9119-8356-3274;Dutch;;;;;;;;;;;;;;
ID84991658;David;Sanchez;Mexican;EK488;2026-06-22;2026-06-23;1;South Africa;Yes;4152-8051-9289-3099;South Africa;;;;;;;;;;;;;;
ID32589551;Evelyn;Clark;Swedish;CX559;2026-06-24;2026-07-01;7;Mozambique;No;4398-8946-7248-6470;Mozambique;;;;;;;;;;;;;;
ID77680326;Ella;Flores;British;UA684;2026-07-18;2026-07-28;10;United Kingdom;Yes;4617-6223-5408-5149;United Kingdom;;;;;;;;;;;;;;
ID93980428;Victoria;Wilson;Swiss;DL510;2026-08-21;2026-08-23;2;Brazil;Yes;4893-5659-1394-4579;Swiss;;;;;;;;;;;;;;
ID66041054;Samuel;Walker;French;UA204;2026-06-17;2026-06-18;1;Australia;Yes;4810-3997-2314-1691;French;;;;;;;;;;;;;;
ID28358866;Emily;Miller;British;UA573;2026-08-08;2026-08-11;3;Congo;No;4202-3543-5095-4890;Congo;;;;;;;;;;;;;;
ID30375518;Aiden;Williams;Portuguese;UA122;2026-07-16;2026-07-20;4;Mozambique;Yes;4247-9746-3063-8320;Portuguese;;;;;;;;;;;;;;
ID76939954;Daniel;Wright;Swedish;AF890;2026-07-26;2026-07-28;2;Italy;No;4156-6122-4888-7689;Italy;;;;;;;;;;;;;;
ID80068085;Samuel;Jackson;Japanese;AF566;2026-07-19;2026-07-25;6;Pennsylvania;No;4666-6062-5776-7276;Pennsylvania;;;;;;;;;;;;;;
ID77219005;Emma;Moore;Australian;UA757;2026-07-22;2026-07-31;9;Italy;Yes;4880-3358-3711-2007;Australian;;;;;;;;;;;;;;
ID94671099;Sebastian;Thompson;Canadian;QR126;2026-08-04;2026-08-13;9;Australia;Yes;4534-8973-5647-1228;Australia;;;;;;;;;;;;;;
ID20042409;Evelyn;Wright;Polish;SQ520;2026-07-01;2026-07-11;10;South Africa;No;4596-2237-1546-3996;South Africa;;;;;;;;;;;;;;
ID61118603;Ava;Anderson;Brazilian;BA386;2026-08-16;2026-08-26;10;United Kingdom;No;4449-2340-7832-5185;United Kingdom;;;;;;;;;;;;;;
ID45528521;Luna;Nguyen;Italian;JL264;2026-07-17;2026-07-21;4;Canada;Yes;4459-6606-2793-4726;Italian;;;;;;;;;;;;;;
ID31491034;Scarlett;Allen;Swiss;QF945;2026-07-17;2026-07-18;1;United Kingdom;Yes;4163-7894-5644-8627;Swiss;;;;;;;;;;;;;;
ID82945991;Olivia;Martin;Danish;DL518;2026-06-27;2026-07-05;8;Japan;Yes;4846-3457-5236-4949;Danish;;;;;;;;;;;;;;
ID72364936;Mason;Clark;Japanese;QF548;2026-06-30;2026-07-02;2;Mozambique;Yes;4665-3100-7785-4753;Mozambique;;;;;;;;;;;;;;
ID36250056;Oliver;Harris;Belgian;UA235;2026-07-03;2026-07-13;10;South Africa;Yes;4400-7900-2723-4107;Belgian;;;;;;;;;;;;;;
ID87787646;Sebastian;Miller;Belgian;EK263;2026-07-20;2026-07-26;6;South Africa;Yes;4947-3488-1426-1437;South Africa;;;;;;;;;;;;;;
ID83265825;Alexander;Garcia;Canadian;EK956;2026-07-01;2026-07-08;7;Japan;Yes;4940-2130-7239-7723;Canadian;;;;;;;;;;;;;;
ID17772407;Elizabeth;Walker;Austrian;QR291;2026-06-23;2026-07-02;9;Pennsylvania;Yes;4073-1843-6639-9432;Austrian;;;;;;;;;;;;;;
ID26504860;Ava;Ramirez;Norwegian;AF735;2026-07-26;2026-08-02;7;Italy;Yes;4297-9862-5747-8916;Italy;;;;;;;;;;;;;;
ID67228382;Emma;Lopez;Belgian;EY885;2026-07-25;2026-08-04;10;Japan;No;4802-9155-4875-2692;Belgian;;;;;;;;;;;;;;
ID11734743;James;Martin;Japanese;LH861;2026-08-03;2026-08-06;3;Canada;No;4560-2351-9684-9146;Japanese;;;;;;;;;;;;;;
ID43387000;Scarlett;Smith;French;BA413;2026-06-17;2026-06-22;5;Brazil;Yes;4849-3763-5608-3950;Brazil;;;;;;;;;;;;;;
ID50719055;Ethan;Miller;French;AA829;2026-07-05;2026-07-12;7;Eswatini;No;4764-5178-3989-5708;Eswatini;;;;;;;;;;;;;;
ID54252631;Owen;Allen;Dutch;CX488;2026-08-03;2026-08-05;2;South Africa;No;4622-7513-8647-7950;South Africa;;;;;;;;;;;;;;
ID72936684;Ava;Taylor;British;JL905;2026-07-29;2026-08-08;10;Italy;Yes;4462-9172-7749-9794;Italy;;;;;;;;;;;;;;
ID32271675;Jackson;White;Mexican;QR955;2026-07-12;2026-07-16;4;Mozambique;Yes;4227-7915-2174-8056;Mexican;;;;;;;;;;;;;;
ID67913594;Ethan;Lopez;Belgian;AA581;2026-06-28;2026-07-08;10;France;Yes;4183-9416-4082-9964;Belgian;;;;;;;;;;;;;;
ID24700897;Sebastian;Walker;Dutch;AF203;2026-08-20;2026-08-26;6;Myanmar;Yes;4397-8235-2443-9758;Myanmar;;;;;;;;;;;;;;
ID24095465;Elijah;Torres;Spanish;BA353;2026-08-10;2026-08-11;1;Pennsylvania;Yes;4922-5418-3383-3113;Pennsylvania;;;;;;;;;;;;;;
ID73318560;Evelyn;Torres;Swedish;UA718;2026-07-21;2026-07-25;4;Italy;No;4184-1101-7726-2143;Italy;;;;;;;;;;;;;;
ID13927256;Mia;Walker;Swiss;LH731;2026-07-25;2026-07-28;3;United Kingdom;Yes;4854-5918-5678-6240;United Kingdom;;;;;;;;;;;;;;
ID82865901;Aiden;Ramirez;Austrian;BA645;2026-06-20;2026-06-26;6;Canada;Yes;4741-2621-7480-9889;Austrian;;;;;;;;;;;;;;
ID82318382;Amelia;White;American;DL863;2026-06-26;2026-07-01;5;Mozambique;No;4186-8420-2474-1754;American;;;;;;;;;;;;;;
ID18490829;Abigail;Allen;American;UA433;2026-06-30;2026-07-07;7;Sri Lanka;No;4465-7025-4924-2171;Sri Lanka;;;;;;;;;;;;;;
ID55178567;Charlotte;Martinez;American;QR463;2026-07-07;2026-07-14;7;Australia;No;4142-3017-3473-5358;American;;;;;;;;;;;;;;
ID19731163;Noah;Young;Japanese;QR781;2026-07-22;2026-07-26;4;France;No;4746-9310-7277-7158;France;;;;;;;;;;;;;;
ID73614879;Elijah;Torres;Australian;BA885;2026-07-27;2026-08-05;9;Pennsylvania;Yes;4558-5563-4243-8131;Australian;;;;;;;;;;;;;;
ID93989088;Emma;Anderson;British;DL385;2026-07-04;2026-07-10;6;United Kingdom;No;4971-7877-8416-9573;United Kingdom;;;;;;;;;;;;;;
ID87840309;Olivia;Martinez;Brazilian;SQ289;2026-08-12;2026-08-22;10;Brazil;No;4115-5072-2894-8066;Brazilian;;;;;;;;;;;;;;
ID58873449;Noah;Perez;Brazilian;EY718;2026-07-28;2026-08-04;7;Sri Lanka;Yes;4046-6651-8965-2682;Sri Lanka;;;;;;;;;;;;;;
ID53114962;Mia;Gonzalez;Portuguese;EK486;2026-08-01;2026-08-06;5;Canada;Yes;4121-4836-3194-1661;Portuguese;;;;;;;;;;;;;;
ID10427677;Emma;Clark;Canadian;LH100;2026-08-05;2026-08-11;6;Congo;No;4132-9865-4469-9604;Canadian;;;;;;;;;;;;;;
ID45388360;Evelyn;Thomas;Italian;AA981;2026-07-15;2026-07-24;9;United Kingdom;No;4686-5826-8045-3174;Italian;;;;;;;;;;;;;;
ID60214487;David;Smith;British;SQ271;2026-08-02;2026-08-05;3;Spain;Yes;4589-4405-9381-4916;British;;;;;;;;;;;;;;
ID75738372;Charlotte;Thompson;Canadian;UA600;2026-07-31;2026-08-03;3;South Africa;No;4768-6337-8886-6067;Canadian;;;;;;;;;;;;;;
ID45274569;Emily;Nguyen;German;BA166;2026-07-23;2026-07-25;2;Papua New Guinea;No;4711-6201-2378-6192;German;;;;;;;;;;;;;;
ID24568282;David;Lee;British;BA948;2026-08-20;2026-08-29;9;United Kingdom;No;4814-4341-9541-9886;United Kingdom;;;;;;;;;;;;;;
ID96860213;Ella;Smith;Austrian;EK746;2026-06-26;2026-06-28;2;Mozambique;Yes;4626-2714-3036-2197;Mozambique;;;;;;;;;;;;;;
ID47510406;Aiden;Walker;Norwegian;CX238;2026-07-14;2026-07-18;4;Papua New Guinea;Yes;4353-5000-1997-9991;Papua New Guinea;;;;;;;;;;;;;;
ID48308271;Mason;Walker;Brazilian;JL488;2026-07-20;2026-07-27;7;Japan;Yes;4826-3710-8310-7474;Japan;;;;;;;;;;;;;;
ID55145671;Lucas;Jackson;Spanish;BA828;2026-07-06;2026-07-10;4;Pennsylvania;No;4564-5909-4902-7303;Pennsylvania;;;;;;;;;;;;;;
ID62162259;Luna;Martinez;French;KL121;2026-07-06;2026-07-12;6;United Kingdom;No;4731-4699-6521-3663;French;;;;;;;;;;;;;;
ID38306016;Sienna;Brown;Belgian;AA426;2026-07-31;2026-08-04;4;Myanmar;No;4617-2613-7139-3872;Belgian;;;;;;;;;;;;;;
ID88329239;Mason;Lee;Portuguese;QR498;2026-06-25;2026-06-26;1;Sri Lanka;No;4921-3926-3024-9716;Portuguese;;;;;;;;;;;;;;
ID41907641;David;Flores;Swedish;DL816;2026-07-06;2026-07-07;1;Canada;No;4018-7031-5312-3528;Canada;;;;;;;;;;;;;;
ID93249463;Isabella;Scott;Swedish;EK468;2026-07-29;2026-07-31;2;Myanmar;No;4956-9933-1012-8807;Myanmar;;;;;;;;;;;;;;
ID51173256;Ava;Perez;German;SQ664;2026-06-16;2026-06-25;9;Spain;Yes;4140-6696-1824-1927;German;;;;;;;;;;;;;;
ID17120689;Lucas;Torres;Swiss;AF234;2026-08-18;2026-08-27;9;Papua New Guinea;No;4863-9343-4208-4433;Swiss;;;;;;;;;;;;;;
ID85356389;Charlotte;Lee;Italian;BA638;2026-07-02;2026-07-12;10;Spain;Yes;4139-4518-8369-5107;Italian;;;;;;;;;;;;;;
ID26732135;Noah;Lopez;Mexican;DL434;2026-08-20;2026-08-22;2;Spain;No;4777-4710-9239-1431;Mexican;;;;;;;;;;;;;;
ID83083615;Owen;Hernandez;Swiss;CX875;2026-08-18;2026-08-24;6;Italy;No;4241-7762-7068-5547;Swiss;;;;;;;;;;;;;;
ID66948274;Noah;Rodriguez;Australian;AA317;2026-06-21;2026-06-29;8;South Africa;No;4798-8394-2320-9139;South Africa;;;;;;;;;;;;;;
ID89521591;Aiden;Walker;French;KL121;2026-07-28;2026-08-07;10;Spain;No;4542-8797-8393-1782;Spain;;;;;;;;;;;;;;
ID55367726;Jack;Lopez;Danish;EY665;2026-07-20;2026-07-30;10;Spain;Yes;4513-5432-1724-7588;Danish;;;;;;;;;;;;;;
ID50210266;Elizabeth;Taylor;Brazilian;AA429;2026-07-10;2026-07-18;8;Lesotho;No;4198-8620-2103-4568;Lesotho;;;;;;;;;;;;;;
ID29421609;Sienna;Scott;Brazilian;UA420;2026-08-18;2026-08-20;2;Canada;No;4294-7855-2041-8466;Canada;;;;;;;;;;;;;;
ID76595495;Oliver;Perez;Swiss;EK299;2026-07-05;2026-07-14;9;Germany;No;4143-7405-5434-1118;Swiss;;;;;;;;;;;;;;
ID62881807;Mia;Smith;Spanish;EY186;2026-07-08;2026-07-17;9;United Kingdom;No;4449-7985-6319-9457;United Kingdom;;;;;;;;;;;;;;
ID96452905;Benjamin;Brown;German;QR955;2026-08-04;2026-08-10;6;Papua New Guinea;Yes;4624-8850-6359-2379;Papua New Guinea;;;;;;;;;;;;;;
ID89571141;Victoria;Brown;Japanese;EY995;2026-08-04;2026-08-05;1;Sri Lanka;Yes;4933-1845-6634-1698;Japanese;;;;;;;;;;;;;;
ID45326253;Sophia;Martin;Danish;EK181;2026-07-20;2026-07-28;8;Japan;Yes;4117-7372-3252-7878;Japan;;;;;;;;;;;;;;
ID78829626;Elijah;King;Brazilian;DL756;2026-07-24;2026-08-03;10;Sri Lanka;No;4763-6526-7229-8356;Brazilian;;;;;;;;;;;;;;
ID63474425;Samuel;Martin;Japanese;EK842;2026-07-30;2026-08-09;10;Lesotho;Yes;4127-7128-3195-1612;Lesotho;;;;;;;;;;;;;;
ID88784051;Noah;Johnson;Brazilian;KL522;2026-08-15;2026-08-16;1;Brazil;No;4670-1415-6925-7377;Brazil;;;;;;;;;;;;;;
ID39896405;Alexander;Wilson;American;BA821;2026-07-13;2026-07-16;3;Japan;No;4754-9729-8646-4092;American;;;;;;;;;;;;;;
ID52686833;Olivia;Sanchez;Polish;KL621;2026-07-18;2026-07-25;7;Congo;No;4261-7140-9141-3965;Polish;;;;;;;;;;;;;;
ID29356456;Mia;Jones;Austrian;KL413;2026-08-07;2026-08-12;5;Brazil;Yes;4232-5804-5497-3331;Austrian;;;;;;;;;;;;;;
ID39457678;Luna;Wright;Italian;CX225;2026-08-20;2026-08-28;8;Japan;No;4729-3362-8432-8578;Italian;;;;;;;;;;;;;;
ID36511657;Alexander;Martin;German;QF631;2026-06-22;2026-06-30;8;Japan;Yes;4433-3980-8124-2169;Japan;;;;;;;;;;;;;;
ID25957736;Jack;Scott;Polish;KL755;2026-07-22;2026-07-30;8;Canada;No;4067-2336-5367-9305;Canada;;;;;;;;;;;;;;
ID26346007;Amelia;Nguyen;Brazilian;EY646;2026-07-06;2026-07-16;10;South Africa;No;4278-7344-6282-2253;Brazilian;;;;;;;;;;;;;;
ID73955003;Samuel;Clark;Japanese;EY707;2026-08-12;2026-08-20;8;Brazil;Yes;4706-9737-5060-2054;Japanese;;;;;;;;;;;;;;
ID93409548;Emily;Lopez;Japanese;JL943;2026-07-13;2026-07-20;7;South Africa;Yes;4638-6914-9545-7099;Japanese;;;;;;;;;;;;;;
ID66923332;Mia;Harris;Australian;CX472;2026-06-22;2026-06-24;2;Mozambique;Yes;4528-8803-6702-1252;Mozambique;;;;;;;;;;;;;;
ID63827248;Camila;White;Norwegian;AA493;2026-06-15;2026-06-25;10;Lesotho;No;4305-2737-6260-9751;Lesotho;;;;;;;;;;;;;;
ID10080665;Isabella;Sanchez;French;QR611;2026-08-03;2026-08-04;1;Brazil;No;4776-4124-7377-4319;Brazil;;;;;;;;;;;;;;
ID18423136;Aiden;Nguyen;Danish;EK578;2026-08-06;2026-08-11;5;South Africa;No;4264-4669-3054-1684;Danish;;;;;;;;;;;;;;
ID20667846;David;Moore;Australian;EY940;2026-07-07;2026-07-16;9;Myanmar;No;4536-5103-1902-2805;Australian;;;;;;;;;;;;;;
ID29545242;Camila;Young;German;QR255;2026-06-18;2026-06-21;3;Sri Lanka;No;4251-2864-4545-3933;German;;;;;;;;;;;;;;
ID52122956;Henry;Martin;Mexican;QR445;2026-08-20;2026-08-30;10;Sri Lanka;Yes;4537-4161-5751-2990;Mexican;;;;;;;;;;;;;;
ID36464181;Olivia;Moore;Spanish;EK225;2026-07-15;2026-07-18;3;Spain;Yes;4137-8828-6225-6435;Spanish;;;;;;;;;;;;;;
ID80515661;Sophia;Thompson;Portuguese;UA160;2026-07-22;2026-07-30;8;United Kingdom;Yes;4102-8316-2991-4173;Portuguese;;;;;;;;;;;;;;
ID98247794;Jackson;Young;Dutch;BA292;2026-08-01;2026-08-03;2;Mozambique;No;4434-8592-8169-4950;Mozambique;;;;;;;;;;;;;;
ID28257681;Ella;Jackson;Swiss;UA396;2026-06-23;2026-06-26;3;Myanmar;Yes;4417-2921-9927-9053;Swiss;;;;;;;;;;;;;;
ID28710131;Camila;Lewis;Brazilian;QF353;2026-06-23;2026-06-26;3;Mozambique;Yes;4921-2781-9482-3330;Brazilian;;;;;;;;;;;;;;
ID26979244;Abigail;Brown;German;SQ600;2026-07-10;2026-07-13;3;France;Yes;4353-5942-8928-8040;German;;;;;;;;;;;;;;
ID51819469;Olivia;Hill;French;DL156;2026-08-16;2026-08-23;7;Canada;No;4423-8521-2923-6475;Canada;;;;;;;;;;;;;;
ID72990828;Elijah;Taylor;German;AF747;2026-08-13;2026-08-16;3;Eswatini;No;4829-3973-7230-4844;Eswatini;;;;;;;;;;;;;;
ID36673896;Isabella;Hernandez;Australian;JL138;2026-08-06;2026-08-09;3;Spain;Yes;4713-5665-8754-9944;Australian;;;;;;;;;;;;;;
ID58851786;Madison;Hill;Swiss;SQ223;2026-06-22;2026-07-01;9;Papua New Guinea;No;4801-6475-6323-1004;Swiss;;;;;;;;;;;;;;
ID99104490;Ava;Allen;Dutch;QF652;2026-07-11;2026-07-21;10;Congo;No;4234-2430-5567-2703;Dutch;;;;;;;;;;;;;;
ID22110014;Madison;Lopez;American;LH701;2026-06-19;2026-06-22;3;United Kingdom;Yes;4352-6826-7867-7137;United Kingdom;;;;;;;;;;;;;;
ID72097228;Elijah;Smith;Swedish;AA452;2026-07-14;2026-07-22;8;Pennsylvania;No;4338-3555-7228-9921;Pennsylvania;;;;;;;;;;;;;;
ID12651162;Emma;Anderson;Danish;JL492;2026-07-14;2026-07-17;3;Myanmar;Yes;4073-3971-9348-5112;Danish;;;;;;;;;;;;;;
ID36510302;Mason;Anderson;British;EY867;2026-08-11;2026-08-16;5;Italy;No;4521-8629-5452-2422;Italy;;;;;;;;;;;;;;
ID95291036;James;Moore;Spanish;CX269;2026-07-18;2026-07-23;5;Lesotho;Yes;4938-5367-6975-3794;Spanish;;;;;;;;;;;;;;
ID17721457;Aiden;Gonzalez;Italian;AF922;2026-07-20;2026-07-23;3;Myanmar;No;4925-4015-5324-4024;Italian;;;;;;;;;;;;;;
ID34374158;Matthew;Jones;Swedish;SQ708;2026-07-21;2026-07-25;4;Brazil;No;4987-5157-1733-9194;Swedish;;;;;;;;;;;;;;
ID87071710;Charlotte;Thompson;Danish;KL767;2026-08-19;2026-08-29;10;Papua New Guinea;Yes;4391-2694-2466-3655;Papua New Guinea;;;;;;;;;;;;;;
ID14307466;Ella;Moore;Australian;JL762;2026-08-13;2026-08-19;6;Pennsylvania;No;4950-7912-3535-6262;Australian;;;;;;;;;;;;;;
ID47912666;Noah;Torres;Spanish;UA902;2026-07-10;2026-07-14;4;Brazil;No;4199-8628-9079-5052;Brazil;;;;;;;;;;;;;;
ID14999499;Jack;Hernandez;Norwegian;BA280;2026-07-12;2026-07-16;4;Brazil;No;4011-1499-1225-6193;Norwegian;;;;;;;;;;;;;;
ID37241206;Scarlett;Rodriguez;Brazilian;JL980;2026-08-10;2026-08-16;6;Canada;Yes;4497-5273-3851-5913;Canada;;;;;;;;;;;;;;
ID70282401;James;Hill;Japanese;LH592;2026-07-11;2026-07-20;9;Congo;Yes;4112-6265-5089-9105;Japanese;;;;;;;;;;;;;;
ID43409469;Jack;Martin;Portuguese;UA241;2026-08-03;2026-08-13;10;Canada;No;4588-3895-9391-4836;Canada;;;;;;;;;;;;;;
ID90947036;Aiden;Thompson;Spanish;EK981;2026-08-05;2026-08-08;3;Brazil;No;4841-9999-6302-5489;Brazil;;;;;;;;;;;;;;
ID84939367;David;Moore;Belgian;UA464;2026-07-09;2026-07-14;5;Pennsylvania;Yes;4289-9239-7318-6855;Pennsylvania;;;;;;;;;;;;;;
ID57487256;Ella;Torres;Japanese;BA208;2026-07-23;2026-08-01;9;Spain;No;4371-8756-1799-8891;Japanese;;;;;;;;;;;;;;
ID36849861;Jackson;Smith;Spanish;DL332;2026-06-21;2026-06-22;1;Myanmar;Yes;4678-3024-5432-5095;Spanish;;;;;;;;;;;;;;
ID25367051;Alexander;Thompson;Polish;LH531;2026-06-19;2026-06-25;6;Italy;No;4573-5534-4638-5882;Italy;;;;;;;;;;;;;;
ID30756014;Mason;Perez;Norwegian;DL596;2026-06-29;2026-07-03;4;Myanmar;Yes;4566-2622-3873-3575;Myanmar;;;;;;;;;;;;;;
ID89709879;Matthew;Sanchez;American;DL409;2026-08-18;2026-08-21;3;Pennsylvania;Yes;4424-3239-8334-2141;Pennsylvania;;;;;;;;;;;;;;
ID56933484;Ethan;Young;Swiss;QR134;2026-06-27;2026-06-29;2;United Kingdom;Yes;4070-9240-7800-1299;United Kingdom;;;;;;;;;;;;;;
ID16214104;Lucas;Harris;Danish;SQ422;2026-07-10;2026-07-18;8;South Africa;No;4419-1576-8736-4934;Danish;;;;;;;;;;;;;;
ID18663943;Luna;Lee;Canadian;QR807;2026-07-11;2026-07-15;4;Spain;Yes;4803-5141-1486-9039;Canadian;;;;;;;;;;;;;;
ID73708229;Benjamin;Flores;French;QF164;2026-07-25;2026-07-28;3;Italy;No;4386-7182-1144-8043;Italy;;;;;;;;;;;;;;
ID79862674;Jack;Hill;Danish;JL692;2026-07-14;2026-07-22;8;Congo;No;4847-9137-1496-7343;Congo;;;;;;;;;;;;;;
ID64660420;Abigail;Taylor;Canadian;BA193;2026-07-09;2026-07-12;3;Pennsylvania;No;4037-6917-9991-7821;Canadian;;;;;;;;;;;;;;
ID45631253;Mia;Flores;German;SQ509;2026-06-17;2026-06-18;1;Lesotho;Yes;4459-5018-3982-6866;Lesotho;;;;;;;;;;;;;;
ID83342962;David;Lee;Belgian;BA307;2026-06-17;2026-06-27;10;Sri Lanka;No;4206-8545-3743-5295;Sri Lanka;;;;;;;;;;;;;;
ID22816496;Alexander;White;Belgian;QF693;2026-07-01;2026-07-04;3;Eswatini;No;4648-8601-2479-4874;Eswatini;;;;;;;;;;;;;;
ID35034655;Alexander;Martin;Brazilian;AF114;2026-07-27;2026-07-29;2;Australia;Yes;4239-4925-4251-9077;Australia;;;;;;;;;;;;;;
ID72746782;Emily;Rodriguez;Polish;EK123;2026-07-11;2026-07-20;9;United Kingdom;No;4215-1521-9819-9869;Polish;;;;;;;;;;;;;;
ID22596862;Liam;Davis;British;BA719;2026-07-04;2026-07-14;10;Canada;No;4124-2245-3938-4490;Canada;;;;;;;;;;;;;;
ID17524799;Elijah;Torres;Dutch;CX941;2026-08-02;2026-08-04;2;Spain;No;4429-5963-1491-8802;Dutch;;;;;;;;;;;;;;
ID85050986;Amelia;Davis;Polish;UA937;2026-07-24;2026-08-01;8;Lesotho;Yes;4712-1963-2603-2683;Polish;;;;;;;;;;;;;;
ID56995725;Abigail;Wilson;Swedish;EK514;2026-07-07;2026-07-14;7;Eswatini;No;4592-8811-3439-5916;Swedish;;;;;;;;;;;;;;
ID46119327;Ella;Smith;Italian;EY207;2026-06-17;2026-06-18;1;Australia;No;4568-4993-1227-2166;Australia;;;;;;;;;;;;;;
ID13328394;Ethan;Robinson;Austrian;SQ529;2026-07-22;2026-07-30;8;Sri Lanka;Yes;4157-4864-4130-9163;Sri Lanka;;;;;;;;;;;;;;
ID79760927;Harper;Scott;American;EK838;2026-07-27;2026-07-29;2;Brazil;No;4140-4676-7257-7612;Brazil;;;;;;;;;;;;;;
ID33302860;Aiden;Lee;Canadian;SQ938;2026-07-01;2026-07-05;4;Japan;No;4230-6077-7082-6567;Canadian;;;;;;;;;;;;;;
ID20474905;Luna;Martinez;Italian;QF627;2026-08-10;2026-08-20;10;France;No;4152-7550-8599-7372;France;;;;;;;;;;;;;;
ID41290513;Mason;Hill;French;DL368;2026-07-10;2026-07-14;4;Japan;No;4993-6422-2008-1493;Japan;;;;;;;;;;;;;;
ID37165479;Evelyn;Jones;Japanese;CX674;2026-07-22;2026-07-28;6;Germany;No;4383-1420-1858-5770;Germany;;;;;;;;;;;;;;
ID58175187;Sebastian;Lewis;Spanish;BA891;2026-07-19;2026-07-23;4;Japan;Yes;4528-2664-5338-2032;Japan;;;;;;;;;;;;;;
ID57235734;Sebastian;Lopez;Spanish;JL259;2026-07-09;2026-07-15;6;Myanmar;Yes;4935-6557-4160-7034;Myanmar;;;;;;;;;;;;;;
ID71847167;Luna;Nguyen;Mexican;DL956;2026-07-04;2026-07-09;5;Congo;No;4367-5028-5106-8792;Mexican;;;;;;;;;;;;;;
ID93013956;Lucas;Sanchez;Portuguese;QF932;2026-07-26;2026-08-03;8;Italy;No;4015-8658-3293-8574;Portuguese;;;;;;;;;;;;;;
ID17695933;Victoria;Anderson;Swedish;KL876;2026-07-09;2026-07-17;8;South Africa;No;4047-5765-3515-3412;South Africa;;;;;;;;;;;;;;
ID20189410;Mason;Scott;Norwegian;AF420;2026-07-09;2026-07-17;8;France;Yes;4794-8072-6167-3224;Norwegian;;;;;;;;;;;;;;
ID68962192;David;Perez;Mexican;EK334;2026-06-29;2026-07-03;4;France;No;4194-2847-4122-7240;France;;;;;;;;;;;;;;
ID18651603;Ella;Davis;German;UA519;2026-06-15;2026-06-21;6;Myanmar;No;4212-5866-9150-6955;German;;;;;;;;;;;;;;
ID72457819;Victoria;Lopez;Japanese;UA585;2026-07-07;2026-07-09;2;Germany;Yes;4219-9924-2414-7411;Japanese;;;;;;;;;;;;;;
ID78782210;Lucas;Thomas;Dutch;BA890;2026-07-31;2026-08-02;2;Japan;Yes;4868-9802-8719-4019;Japan;;;;;;;;;;;;;;
ID42154690;Jackson;Harris;Brazilian;SQ332;2026-07-17;2026-07-22;5;Papua New Guinea;Yes;4039-2501-8477-1658;Papua New Guinea;;;;;;;;;;;;;;
ID12810994;Luna;Rodriguez;Australian;EK335;2026-07-12;2026-07-20;8;Brazil;Yes;4104-8670-4463-4083;Brazil;;;;;;;;;;;;;;
ID30657960;Madison;Walker;American;KL412;2026-06-22;2026-06-25;3;South Africa;No;4458-6993-7286-7750;South Africa;;;;;;;;;;;;;;
ID91222920;Samuel;Jackson;Polish;AF300;2026-06-30;2026-07-06;6;Lesotho;Yes;4869-4133-1750-6194;Polish;;;;;;;;;;;;;;
ID92783697;Samuel;King;Australian;DL416;2026-07-10;2026-07-17;7;Brazil;No;4591-8569-6425-9969;Brazil;;;;;;;;;;;;;;
ID88792113;Elijah;Flores;German;BA997;2026-07-29;2026-08-03;5;Lesotho;Yes;4289-5162-7040-3992;German;;;;;;;;;;;;;;
ID16630073;Elizabeth;Miller;Austrian;EY501;2026-06-27;2026-06-28;1;Australia;Yes;4508-3563-8584-3749;Austrian;;;;;;;;;;;;;;
ID81614720;Charlotte;Torres;Portuguese;EY219;2026-07-04;2026-07-14;10;Myanmar;Yes;4948-9948-7147-6253;Portuguese;;;;;;;;;;;;;;
ID21407880;Emma;Young;Mexican;KL894;2026-08-06;2026-08-07;1;Spain;Yes;4774-2873-1592-6326;Spain;;;;;;;;;;;;;;
ID45253462;Scarlett;Wilson;Swedish;EK131;2026-07-16;2026-07-17;1;Myanmar;No;4161-5534-8312-9677;Myanmar;;;;;;;;;;;;;;
ID82964972;Liam;Anderson;Mexican;BA641;2026-06-28;2026-07-03;5;Congo;Yes;4028-2216-4695-9254;Mexican;;;;;;;;;;;;;;
ID29092457;Scarlett;Garcia;Italian;DL160;2026-08-05;2026-08-14;9;Myanmar;Yes;4947-8233-1062-9868;Italian;;;;;;;;;;;;;;
ID44658421;Abigail;Martinez;Spanish;SQ452;2026-07-28;2026-07-31;3;Myanmar;No;4812-3773-5367-8379;Spanish;;;;;;;;;;;;;;
ID78540576;Evelyn;Scott;Danish;EK321;2026-06-16;2026-06-26;10;Papua New Guinea;Yes;4266-7402-8671-6520;Papua New Guinea;;;;;;;;;;;;;;
ID20959076;Scarlett;Lewis;Swiss;BA525;2026-06-18;2026-06-21;3;Italy;No;4092-6874-1283-7504;Italy;;;;;;;;;;;;;;
ID31937932;Benjamin;Martin;Polish;JL442;2026-08-15;2026-08-16;1;Mozambique;Yes;4012-5400-6679-6957;Mozambique;;;;;;;;;;;;;;
ID89622965;Mason;Thomas;German;BA786;2026-07-24;2026-07-28;4;Pennsylvania;No;4949-1986-1565-6717;German;;;;;;;;;;;;;;
ID76353944;Henry;Lopez;French;AF319;2026-07-20;2026-07-23;3;Germany;No;4226-4790-8079-6131;Germany;;;;;;;;;;;;;;
ID14107706;Samuel;Rodriguez;German;JL255;2026-07-26;2026-08-04;9;Spain;Yes;4567-7145-9686-2939;German;;;;;;;;;;;;;;
ID62188725;Jack;Martinez;Austrian;AA802;2026-07-10;2026-07-13;3;Spain;No;4092-8422-8443-7030;Spain;;;;;;;;;;;;;;
ID69632880;Ethan;Lee;Portuguese;SQ426;2026-08-02;2026-08-07;5;Spain;No;4415-6007-3375-6128;Spain;;;;;;;;;;;;;;
ID49724684;Ella;Sanchez;Spanish;UA355;2026-08-15;2026-08-20;5;Papua New Guinea;Yes;4904-3868-3319-4459;Spanish;;;;;;;;;;;;;;
ID79136418;James;Perez;Canadian;BA867;2026-08-15;2026-08-22;7;Pennsylvania;Yes;4781-1812-8598-8750;Canadian;;;;;;;;;;;;;;
ID58495944;Madison;Lewis;Italian;JL636;2026-06-27;2026-06-29;2;United Kingdom;Yes;4757-6143-2535-1805;Italian;;;;;;;;;;;;;;
ID31498280;Oliver;Wilson;Austrian;QF449;2026-07-11;2026-07-14;3;Lesotho;Yes;4155-6651-1641-7971;Austrian;;;;;;;;;;;;;;
ID16300895;Lucas;Lee;Swiss;LH559;2026-06-17;2026-06-21;4;Papua New Guinea;No;4173-7413-1745-4979;Papua New Guinea;;;;;;;;;;;;;;
ID28452121;Ava;Robinson;Swedish;DL151;2026-07-27;2026-07-29;2;South Africa;No;4064-5528-2529-2977;South Africa;;;;;;;;;;;;;;
ID96064682;Sebastian;Flores;Belgian;QR667;2026-07-21;2026-07-23;2;Eswatini;Yes;4864-9267-4497-3659;Belgian;;;;;;;;;;;;;;
ID17523949;Jack;Ramirez;Canadian;KL732;2026-07-16;2026-07-22;6;United Kingdom;No;4613-7818-7928-5315;United Kingdom;;;;;;;;;;;;;;
ID91880266;Jackson;Lopez;Belgian;KL825;2026-06-27;2026-07-06;9;Japan;Yes;4695-5878-4588-7946;Belgian;;;;;;;;;;;;;;
ID69913442;Owen;Taylor;Japanese;JL677;2026-07-07;2026-07-09;2;United Kingdom;No;4689-7872-8684-3762;Japanese;;;;;;;;;;;;;;
ID83917552;Olivia;Young;American;JL637;2026-06-24;2026-06-27;3;Congo;Yes;4777-1876-5600-6272;Congo;;;;;;;;;;;;;;
ID33652982;Sophia;Gonzalez;Swiss;KL560;2026-08-07;2026-08-11;4;Sri Lanka;No;4470-6314-7566-4897;Sri Lanka;;;;;;;;;;;;;;
ID36769744;Elijah;Robinson;Danish;JL147;2026-07-03;2026-07-06;3;Australia;Yes;4049-4287-4144-1261;Australia;;;;;;;;;;;;;;
ID47089764;Emma;Allen;Australian;UA924;2026-08-13;2026-08-16;3;Italy;No;4604-6311-7035-7891;Italy;;;;;;;;;;;;;;
ID14420392;Madison;Wilson;British;CX657;2026-07-23;2026-07-31;8;Lesotho;No;4639-2910-6322-2073;British;;;;;;;;;;;;;;
ID44347003;Noah;Smith;Belgian;CX199;2026-08-19;2026-08-23;4;Congo;Yes;4236-9539-8489-4418;Belgian;;;;;;;;;;;;;;
ID40236828;Harper;Robinson;Norwegian;KL708;2026-08-18;2026-08-27;9;Italy;Yes;4684-8721-5289-3234;Italy;;;;;;;;;;;;;;
ID17659034;Amelia;Rodriguez;Swiss;CX108;2026-08-02;2026-08-04;2;France;No;4092-2177-9832-6729;Swiss;;;;;;;;;;;;;;
ID85658818;Oliver;Nguyen;Polish;EK605;2026-07-03;2026-07-05;2;Germany;Yes;4014-5093-3253-1501;Germany;;;;;;;;;;;;;;
ID42712345;Sienna;Williams;Japanese;JL486;2026-08-02;2026-08-11;9;Sri Lanka;Yes;4158-1459-9731-6958;Sri Lanka;;;;;;;;;;;;;;
ID31115710;Olivia;Moore;Austrian;EY636;2026-06-23;2026-07-03;10;Lesotho;No;4831-3991-2879-1145;Austrian;;;;;;;;;;;;;;
ID96435842;Evelyn;Lee;Italian;EK597;2026-07-23;2026-07-27;4;Japan;Yes;4644-2913-4096-6517;Italian;;;;;;;;;;;;;;
ID18685725;Liam;Harris;Belgian;QR713;2026-07-22;2026-07-31;9;South Africa;No;4347-1216-4316-8194;Belgian;;;;;;;;;;;;;;
ID39410275;Madison;Young;Belgian;BA880;2026-08-19;2026-08-24;5;Japan;Yes;4105-2306-9761-2497;Japan;;;;;;;;;;;;;;
ID57965435;James;Walker;Portuguese;UA945;2026-06-20;2026-06-25;5;Eswatini;No;4324-1116-1855-5936;Eswatini;;;;;;;;;;;;;;
ID86514248;Samuel;White;Italian;KL262;2026-07-19;2026-07-28;9;United Kingdom;Yes;4740-6182-9846-9353;Italian;;;;;;;;;;;;;;
ID84124173;Mason;Walker;American;QR135;2026-08-02;2026-08-11;9;United Kingdom;No;4585-8699-2629-2931;United Kingdom;;;;;;;;;;;;;;
ID55276697;Abigail;Williams;American;UA897;2026-06-23;2026-06-24;1;Congo;Yes;4293-2059-2293-8629;Congo;;;;;;;;;;;;;;
ID20486839;Liam;Walker;Polish;AA726;2026-08-06;2026-08-09;3;South Africa;No;4168-8340-6791-8339;South Africa;;;;;;;;;;;;;;
ID37234448;Amelia;Miller;Canadian;EK499;2026-08-18;2026-08-27;9;Spain;No;4861-7085-7169-8702;Spain;;;;;;;;;;;;;;
ID37807575;Elizabeth;Lewis;Swiss;JL130;2026-06-26;2026-06-27;1;Italy;No;4134-4551-2487-7172;Swiss;;;;;;;;;;;;;;
ID88638216;Elijah;Hernandez;Spanish;EY888;2026-07-03;2026-07-13;10;Germany;Yes;4784-8868-2677-9342;Germany;;;;;;;;;;;;;;
ID87546985;Mason;King;British;QR764;2026-07-01;2026-07-02;1;Eswatini;No;4522-8184-1320-5280;Eswatini;;;;;;;;;;;;;;
ID57964969;Ella;Davis;Italian;QR820;2026-08-10;2026-08-18;8;Italy;Yes;4911-6018-7947-9533;Italy;;;;;;;;;;;;;;
ID13204120;Mia;Smith;Belgian;AF468;2026-07-07;2026-07-12;5;Sri Lanka;No;4733-2697-9371-7069;Belgian;;;;;;;;;;;;;;
ID48895086;Henry;Ramirez;Canadian;EK824;2026-08-07;2026-08-14;7;Papua New Guinea;No;4584-8590-3085-6041;Papua New Guinea;;;;;;;;;;;;;;
ID60625875;Owen;Harris;Swedish;LH278;2026-08-04;2026-08-08;4;Lesotho;No;4222-5519-3173-6695;Lesotho;;;;;;;;;;;;;;
ID12715098;Alexander;Rodriguez;Belgian;KL239;2026-07-21;2026-07-31;10;France;Yes;4120-9108-6314-4914;France;;;;;;;;;;;;;;
ID94587929;Amelia;Hill;Austrian;SQ699;2026-06-22;2026-06-30;8;Spain;Yes;4931-3872-4954-9055;Austrian;;;;;;;;;;;;;;
ID22330076;Scarlett;Perez;Spanish;CX541;2026-07-31;2026-08-04;4;Sri Lanka;Yes;4352-5349-3617-1796;Sri Lanka;;;;;;;;;;;;;;
ID85071710;Camila;Wright;Australian;UA756;2026-06-21;2026-07-01;10;Brazil;No;4507-6362-7855-1764;Australian;;;;;;;;;;;;;;
ID64275275;Noah;Johnson;Belgian;EY889;2026-06-15;2026-06-22;7;Pennsylvania;No;4872-9174-5050-3018;Pennsylvania;;;;;;;;;;;;;;
ID35600772;Liam;Smith;Swedish;JL166;2026-08-13;2026-08-14;1;Papua New Guinea;Yes;4462-7366-7092-7572;Papua New Guinea;;;;;;;;;;;;;;
ID94332494;Abigail;Davis;Australian;UA203;2026-07-16;2026-07-21;5;Italy;No;4040-8259-7856-2352;Italy;;;;;;;;;;;;;;
ID41947738;Aiden;Williams;Canadian;JL503;2026-07-23;2026-07-31;8;Germany;No;4744-1567-6942-4517;Germany;;;;;;;;;;;;;;
ID16040731;Sebastian;Garcia;Austrian;KL883;2026-07-08;2026-07-17;9;South Africa;No;4589-9008-2044-2009;Austrian;;;;;;;;;;;;;;
ID87018229;Sebastian;Walker;American;CX369;2026-08-11;2026-08-21;10;United Kingdom;No;4979-5507-6321-6275;American;;;;;;;;;;;;;;
ID89651499;Daniel;Garcia;Canadian;LH146;2026-08-16;2026-08-26;10;Mozambique;No;4355-9061-8436-3624;Mozambique;;;;;;;;;;;;;;
ID92032922;Olivia;Jackson;Italian;LH608;2026-07-20;2026-07-21;1;Italy;Yes;4600-4401-5715-4544;Italian;;;;;;;;;;;;;;
ID51640724;Liam;Jackson;Mexican;UA944;2026-06-29;2026-07-07;8;Australia;No;4033-6777-7835-4080;Mexican;;;;;;;;;;;;;;
ID59572287;Victoria;Harris;French;CX506;2026-08-07;2026-08-10;3;Pennsylvania;Yes;4486-9653-2197-1513;Pennsylvania;;;;;;;;;;;;;;
ID36225541;Elijah;Garcia;Swedish;EK384;2026-08-13;2026-08-15;2;South Africa;No;4205-7587-8950-9570;Swedish;;;;;;;;;;;;;;
ID21929406;Camila;Hill;Japanese;JL377;2026-07-05;2026-07-09;4;South Africa;No;4510-2376-7425-5868;South Africa;;;;;;;;;;;;;;
ID36589808;Charlotte;Sanchez;Polish;JL802;2026-08-21;2026-08-28;7;Australia;Yes;4021-4619-5708-2317;Polish;;;;;;;;;;;;;;
ID79934293;Victoria;Hill;Austrian;EY938;2026-06-26;2026-07-01;5;Lesotho;No;4937-1177-7907-6086;Austrian;;;;;;;;;;;;;;
ID53776933;Mason;Brown;Portuguese;KL403;2026-06-28;2026-07-02;4;Lesotho;No;4568-2299-9421-6702;Lesotho;;;;;;;;;;;;;;
ID14835331;Olivia;Garcia;Austrian;EK256;2026-07-24;2026-08-01;8;Lesotho;Yes;4237-6977-6118-6476;Austrian;;;;;;;;;;;;;;
ID35460805;Mia;Martin;Japanese;AA343;2026-07-02;2026-07-10;8;Australia;No;4428-3697-9769-3037;Australia;;;;;;;;;;;;;;
ID84703746;Lucas;Flores;Danish;BA647;2026-07-15;2026-07-19;4;Myanmar;Yes;4998-8669-5192-9008;Myanmar;;;;;;;;;;;;;;
ID29135788;Oliver;Wilson;Brazilian;QR390;2026-07-22;2026-07-29;7;Brazil;No;4983-8624-7860-8127;Brazilian;;;;;;;;;;;;;;
ID78732408;Ava;Williams;Australian;LH662;2026-06-29;2026-07-03;4;Lesotho;No;4874-9327-4351-5502;Lesotho;;;;;;;;;;;;;;
ID94152816;David;Wilson;Belgian;KL313;2026-07-23;2026-07-28;5;Congo;No;4298-2796-7124-8144;Belgian;;;;;;;;;;;;;;
ID59175550;James;Thompson;Mexican;BA608;2026-08-14;2026-08-21;7;Myanmar;No;4567-7010-9342-8777;Mexican;;;;;;;;;;;;;;
ID35484302;James;Clark;German;UA486;2026-06-27;2026-06-28;1;Lesotho;No;4542-7290-8561-7339;German;;;;;;;;;;;;;;
ID46432019;David;Thomas;Belgian;QR857;2026-06-19;2026-06-24;5;Spain;No;4340-6717-9056-2106;Spain;;;;;;;;;;;;;;
ID70763896;Mason;Moore;Portuguese;EY427;2026-06-16;2026-06-25;9;Spain;Yes;4749-8805-9946-1178;Spain;;;;;;;;;;;;;;
ID32296009;Henry;Torres;Belgian;SQ401;2026-07-05;2026-07-07;2;United Kingdom;No;4375-2223-5476-3628;United Kingdom;;;;;;;;;;;;;;
ID30004304;Elijah;King;French;KL876;2026-08-14;2026-08-15;1;Sri Lanka;No;4074-3366-9720-8335;Sri Lanka;;;;;;;;;;;;;;
ID72762427;Alexander;Williams;Mexican;BA877;2026-08-11;2026-08-20;9;Australia;No;4263-1083-6396-1451;Mexican;;;;;;;;;;;;;;
ID71288442;Emily;Jones;Polish;AA317;2026-06-27;2026-06-29;2;Myanmar;No;4265-3064-1203-6654;Myanmar;;;;;;;;;;;;;;
ID27095864;Ethan;Martin;Portuguese;BA449;2026-07-10;2026-07-18;8;United Kingdom;Yes;4712-5875-1079-6492;Portuguese;;;;;;;;;;;;;;
ID84051201;Mason;Scott;Swedish;DL628;2026-07-09;2026-07-18;9;Spain;No;4830-4002-7113-1139;Spain;;;;;;;;;;;;;;
ID70779310;Scarlett;Lopez;Norwegian;DL647;2026-07-12;2026-07-16;4;Canada;Yes;4171-1274-9975-7337;Canada;;;;;;;;;;;;;;
ID98444256;Mason;Clark;Austrian;QF697;2026-07-23;2026-07-24;1;Mozambique;No;4561-9087-6256-2833;Austrian;;;;;;;;;;;;;;
ID11591494;Oliver;Rodriguez;Belgian;EY836;2026-07-27;2026-08-06;10;South Africa;No;4976-8861-1561-1458;South Africa;;;;;;;;;;;;;;
ID15836864;Scarlett;Robinson;German;DL708;2026-07-09;2026-07-17;8;Papua New Guinea;Yes;4246-9545-1255-8270;German;;;;;;;;;;;;;;
ID44198883;Aiden;Young;Australian;BA623;2026-08-16;2026-08-26;10;Brazil;Yes;4590-9753-1309-4005;Brazil;;;;;;;;;;;;;;
ID76036453;Emily;Wright;Brazilian;BA902;2026-08-14;2026-08-15;1;South Africa;No;4652-4839-9155-6639;South Africa;;;;;;;;;;;;;;
ID57352220;Alexander;King;German;SQ642;2026-07-05;2026-07-13;8;Eswatini;Yes;4486-9764-9361-1227;Eswatini;;;;;;;;;;;;;;
ID88777952;Scarlett;Allen;French;EY366;2026-07-12;2026-07-16;4;Brazil;Yes;4098-5265-6117-8045;Brazil;;;;;;;;;;;;;;
ID36867025;Camila;Sanchez;Italian;EK834;2026-07-03;2026-07-10;7;Germany;No;4205-5444-9290-4295;Germany;;;;;;;;;;;;;;
ID52904780;Liam;Lewis;Austrian;CX234;2026-07-03;2026-07-13;10;France;No;4269-5783-8917-9387;France;;;;;;;;;;;;;;
ID85792040;Noah;Harris;Portuguese;BA844;2026-08-06;2026-08-16;10;Pennsylvania;No;4236-2650-6068-8098;Portuguese;;;;;;;;;;;;;;
ID79909001;Emily;Thomas;Italian;QF863;2026-07-07;2026-07-08;1;Canada;Yes;4982-2617-4075-4535;Italian;;;;;;;;;;;;;;
ID95590136;Aiden;Sanchez;German;AF182;2026-08-04;2026-08-08;4;South Africa;No;4599-2407-1593-2650;South Africa;;;;;;;;;;;;;;
ID58122803;Isabella;Moore;Belgian;KL566;2026-06-24;2026-06-28;4;Pennsylvania;Yes;4136-5228-6439-9986;Pennsylvania;;;;;;;;;;;;;;
ID39719668;Noah;Hill;Norwegian;KL982;2026-08-11;2026-08-12;1;Eswatini;No;4136-5548-2646-4704;Eswatini;;;;;;;;;;;;;;
ID81004922;Matthew;Torres;Austrian;AF795;2026-06-20;2026-06-22;2;South Africa;Yes;4809-9790-8280-9830;Austrian;;;;;;;;;;;;;;
ID75514884;Scarlett;White;Canadian;BA839;2026-07-07;2026-07-09;2;Myanmar;No;4780-6754-7327-1760;Canadian;;;;;;;;;;;;;;
ID56363771;Olivia;Lewis;Dutch;QR863;2026-07-06;2026-07-14;8;Mozambique;Yes;4080-8003-1495-2222;Dutch;;;;;;;;;;;;;;
ID57607160;Abigail;Williams;Canadian;LH424;2026-07-13;2026-07-14;1;Canada;Yes;4364-7031-2761-5825;Canadian;;;;;;;;;;;;;;
ID33003183;Emily;Taylor;Australian;KL130;2026-08-14;2026-08-20;6;Australia;No;4340-9466-4325-3031;Australia;;;;;;;;;;;;;;
ID10048802;Mason;Anderson;Swedish;AF784;2026-07-27;2026-08-02;6;Australia;Yes;4547-6571-4626-4618;Swedish;;;;;;;;;;;;;;
ID64070839;Madison;Young;French;UA566;2026-08-15;2026-08-25;10;Italy;Yes;4219-7490-8048-7176;French;;;;;;;;;;;;;;
ID87347625;Camila;Clark;Dutch;EK952;2026-08-02;2026-08-08;6;Myanmar;No;4808-2984-6446-4679;Myanmar;;;;;;;;;;;;;;
ID70256016;Owen;Taylor;Canadian;LH367;2026-06-28;2026-07-02;4;South Africa;Yes;4474-8046-2433-1656;Canadian;;;;;;;;;;;;;;
ID77835424;Ella;Martinez;Australian;AF611;2026-08-20;2026-08-21;1;Pennsylvania;Yes;4877-9393-7193-2891;Australian;;;;;;;;;;;;;;
ID92875789;Mia;Martin;Swedish;BA819;2026-07-16;2026-07-25;9;Japan;Yes;4064-7143-8847-3332;Japan;;;;;;;;;;;;;;
ID33194192;Scarlett;Robinson;Swedish;JL489;2026-07-12;2026-07-16;4;South Africa;No;4246-9018-5877-9536;Swedish;;;;;;;;;;;;;;
ID52339362;Emma;Williams;Polish;EY286;2026-06-27;2026-07-02;5;Eswatini;Yes;4355-2369-9831-6905;Polish;;;;;;;;;;;;;;
ID65070322;Aiden;Anderson;British;QF757;2026-07-02;2026-07-04;2;Germany;Yes;4709-8428-1410-9883;British;;;;;;;;;;;;;;
ID92730227;Liam;Davis;British;SQ338;2026-06-17;2026-06-23;6;Italy;Yes;4910-1092-8082-6037;British;;;;;;;;;;;;;;
ID81784189;Charlotte;Wright;Mexican;DL644;2026-08-02;2026-08-06;4;Pennsylvania;Yes;4210-7975-6783-5976;Mexican;;;;;;;;;;;;;;
ID13033159;Ava;Hill;Mexican;CX657;2026-06-20;2026-06-30;10;Lesotho;Yes;4575-3483-1864-7114;Lesotho;;;;;;;;;;;;;;
ID39454366;Daniel;Thomas;Swiss;EK840;2026-08-12;2026-08-22;10;Brazil;No;4512-6795-6162-4000;Swiss;;;;;;;;;;;;;;
ID44890989;Owen;Perez;Portuguese;LH640;2026-08-06;2026-08-09;3;France;Yes;4649-8305-4492-2771;Portuguese;;;;;;;;;;;;;;
ID51835575;Charlotte;Moore;Austrian;EK625;2026-08-06;2026-08-16;10;Papua New Guinea;No;4485-2936-2143-5601;Papua New Guinea;;;;;;;;;;;;;;
ID40818478;Sophia;Lee;German;AA453;2026-07-27;2026-07-29;2;Papua New Guinea;Yes;4643-7318-2370-6737;Papua New Guinea;;;;;;;;;;;;;;
ID20607535;Ava;Scott;Japanese;SQ858;2026-06-16;2026-06-18;2;South Africa;No;4887-6718-4682-1237;Japanese;;;;;;;;;;;;;;
ID19052413;Jack;Robinson;German;KL358;2026-07-25;2026-07-28;3;Australia;No;4777-3120-8914-4379;Australia;;;;;;;;;;;;;;
ID80933542;Ella;Thomas;Italian;EY296;2026-06-25;2026-06-27;2;Pennsylvania;No;4691-3315-8060-7343;Italian;;;;;;;;;;;;;;
ID63449300;Ethan;Thomas;Austrian;BA627;2026-08-19;2026-08-25;6;Papua New Guinea;Yes;4958-4077-1396-8097;Papua New Guinea;;;;;;;;;;;;;;
ID44107990;Mia;Perez;Australian;QF573;2026-06-19;2026-06-21;2;Canada;Yes;4041-3387-4645-4943;Canada;;;;;;;;;;;;;;
ID16249124;Sophia;King;Dutch;QF486;2026-06-23;2026-06-29;6;Eswatini;Yes;4855-8440-5481-3688;Dutch;;;;;;;;;;;;;;
ID16554480;Elijah;Wright;Polish;LH409;2026-07-28;2026-07-31;3;Italy;Yes;4922-7137-3669-7502;Polish;;;;;;;;;;;;;;
ID29910661;Ella;Miller;Italian;AA556;2026-08-01;2026-08-03;2;Papua New Guinea;Yes;4870-8845-5881-3516;Papua New Guinea;;;;;;;;;;;;;;
ID83602014;Ella;Scott;German;LH970;2026-07-17;2026-07-25;8;Australia;Yes;4272-6378-3791-6801;German;;;;;;;;;;;;;;
ID30807911;Evelyn;White;Mexican;DL937;2026-07-26;2026-07-29;3;Spain;Yes;4227-1174-4822-3845;Mexican;;;;;;;;;;;;;;
ID51940557;Olivia;Thomas;Portuguese;CX834;2026-08-20;2026-08-30;10;Italy;Yes;4466-2229-3161-9746;Portuguese;;;;;;;;;;;;;;
ID99072120;Madison;Allen;Australian;DL794;2026-08-14;2026-08-16;2;Lesotho;Yes;4177-8837-7849-7517;Lesotho;;;;;;;;;;;;;;
ID66759870;Samuel;Davis;Norwegian;AA726;2026-08-19;2026-08-29;10;Mozambique;No;4960-5900-6257-8256;Norwegian;;;;;;;;;;;;;;
ID16061397;Luna;Wilson;Norwegian;SQ819;2026-07-04;2026-07-14;10;France;No;4542-2957-5383-7948;France;;;;;;;;;;;;;;
ID69928945;Emma;Thomas;French;DL919;2026-07-18;2026-07-27;9;Canada;Yes;4805-9101-9255-7092;Canada;;;;;;;;;;;;;;
ID56766348;Ava;Torres;American;CX843;2026-06-23;2026-06-26;3;Australia;No;4734-2142-9722-1364;Australia;;;;;;;;;;;;;;
ID12040615;Charlotte;Thomas;French;CX369;2026-06-26;2026-06-27;1;Brazil;Yes;4190-1134-3184-8892;French;;;;;;;;;;;;;;
ID39145809;David;Sanchez;Swedish;EK878;2026-08-18;2026-08-23;5;Germany;Yes;4770-9190-7319-4419;Germany;;;;;;;;;;;;;;
ID55676626;Madison;Flores;Canadian;EK682;2026-07-13;2026-07-14;1;Italy;No;4775-5797-3456-2273;Canadian;;;;;;;;;;;;;;
ID75769630;Elijah;King;Brazilian;LH770;2026-08-06;2026-08-10;4;Spain;No;4134-3554-7409-3708;Brazilian;;;;;;;;;;;;;;
ID75424562;Scarlett;Perez;American;QF713;2026-07-27;2026-08-02;6;Mozambique;No;4599-7804-1490-3775;Mozambique;;;;;;;;;;;;;;
ID39029025;Abigail;Torres;Austrian;CX177;2026-07-05;2026-07-15;10;Spain;No;4156-7976-5963-1704;Austrian;;;;;;;;;;;;;;
ID76303467;Mason;Clark;British;LH218;2026-06-24;2026-07-01;7;Sri Lanka;No;4662-7349-3690-5037;Sri Lanka;;;;;;;;;;;;;;
ID79921243;Ethan;Lopez;Canadian;QR363;2026-06-30;2026-07-10;10;Italy;Yes;4987-8345-9920-6729;Canadian;;;;;;;;;;;;;;
ID48937301;Emma;Smith;Australian;DL709;2026-08-11;2026-08-17;6;Brazil;No;4827-5061-2332-4569;Australian;;;;;;;;;;;;;;
ID73610982;Ethan;Harris;Swedish;SQ940;2026-06-21;2026-06-29;8;Eswatini;No;4362-1660-3265-1386;Swedish;;;;;;;;;;;;;;
ID37333400;Noah;Sanchez;Norwegian;QR371;2026-06-18;2026-06-25;7;United Kingdom;No;4518-9310-1714-1207;Norwegian;;;;;;;;;;;;;;
ID64184043;Jackson;Taylor;Dutch;BA369;2026-07-14;2026-07-19;5;Myanmar;Yes;4640-6673-8050-1465;Myanmar;;;;;;;;;;;;;;
ID29235874;Scarlett;Lee;Japanese;BA661;2026-06-24;2026-07-02;8;Sri Lanka;No;4828-3099-6600-6113;Sri Lanka;;;;;;;;;;;;;;
ID29497228;Elijah;Wilson;Polish;QF293;2026-07-17;2026-07-20;3;Eswatini;Yes;4529-2576-4142-6484;Polish;;;;;;;;;;;;;;
ID48588928;Mason;Jones;Italian;EY589;2026-07-24;2026-07-30;6;Lesotho;No;4537-7526-3953-5334;Lesotho;;;;;;;;;;;;;;
ID22320779;Victoria;Sanchez;German;DL576;2026-07-14;2026-07-15;1;Japan;Yes;4402-4921-5619-3503;German;;;;;;;;;;;;;;
ID99705686;Liam;Thomas;American;DL390;2026-08-20;2026-08-24;4;Canada;No;4949-5945-2729-9007;Canada;;;;;;;;;;;;;;
ID32567911;Benjamin;Walker;Belgian;CX858;2026-08-18;2026-08-21;3;Germany;Yes;4327-8498-1953-1072;Germany;;;;;;;;;;;;;;
ID77492140;Sebastian;Walker;Belgian;SQ937;2026-06-20;2026-06-27;7;Australia;Yes;4892-7026-7885-4003;Australia;;;;;;;;;;;;;;
ID71564635;Ella;Taylor;American;SQ173;2026-07-27;2026-08-01;5;Papua New Guinea;Yes;4456-4979-4702-3977;Papua New Guinea;;;;;;;;;;;;;;
ID85935542;Scarlett;Allen;French;EY613;2026-08-16;2026-08-23;7;Italy;No;4481-7044-9460-3198;French;;;;;;;;;;;;;;
ID54544959;Isabella;Thompson;Belgian;JL183;2026-08-18;2026-08-25;7;Lesotho;Yes;4885-5033-7600-5562;Belgian;;;;;;;;;;;;;;
ID17535587;Emily;Allen;British;QF486;2026-08-02;2026-08-10;8;Sri Lanka;No;4296-3017-4768-1629;Sri Lanka;;;;;;;;;;;;;;
ID95765656;Oliver;Allen;British;DL341;2026-07-31;2026-08-10;10;Eswatini;Yes;4692-8512-9931-3230;British;;;;;;;;;;;;;;
ID57359263;Madison;Harris;Polish;UA752;2026-08-03;2026-08-11;8;Sri Lanka;Yes;4915-4600-4542-4397;Sri Lanka;;;;;;;;;;;;;;
ID69912215;Mason;Jones;Swedish;EY410;2026-07-06;2026-07-09;3;Pennsylvania;Yes;4699-2597-4959-6488;Pennsylvania;;;;;;;;;;;;;;
ID52689495;Victoria;Allen;American;AA859;2026-07-13;2026-07-19;6;France;No;4315-3884-8341-3211;France;;;;;;;;;;;;;;
ID48219773;Scarlett;Walker;Portuguese;SQ965;2026-07-16;2026-07-25;9;Canada;No;4268-9347-9446-1857;Canada;;;;;;;;;;;;;;
ID25611952;Oliver;Jackson;Polish;QR422;2026-07-10;2026-07-17;7;Spain;Yes;4619-6858-2557-9851;Polish;;;;;;;;;;;;;;
ID19382156;Benjamin;Lewis;Norwegian;KL720;2026-07-24;2026-08-02;9;France;No;4241-7500-4224-2490;Norwegian;;;;;;;;;;;;;;
ID77779519;Camila;Thomas;Austrian;KL993;2026-06-23;2026-07-01;8;South Africa;Yes;4880-6309-3318-1056;South Africa;;;;;;;;;;;;;;
ID15536749;Oliver;Hernandez;Belgian;AA458;2026-06-19;2026-06-24;5;South Africa;Yes;4567-1772-5577-2654;Belgian;;;;;;;;;;;;;;
ID24216611;Samuel;Sanchez;Dutch;QR467;2026-06-15;2026-06-20;5;Pennsylvania;No;4759-3964-7028-5568;Pennsylvania;;;;;;;;;;;;;;
ID89958549;Sophia;Lee;Danish;QF481;2026-08-13;2026-08-14;1;Eswatini;Yes;4945-6349-5519-2650;Eswatini;;;;;;;;;;;;;;
ID73146083;Scarlett;Ramirez;Australian;BA407;2026-07-11;2026-07-15;4;Spain;No;4371-3694-9874-1227;Australian;;;;;;;;;;;;;;
ID22335336;David;Davis;Australian;UA593;2026-08-18;2026-08-23;5;Mozambique;No;4160-2452-4297-4383;Australian;;;;;;;;;;;;;;
ID87157257;Scarlett;Brown;Belgian;CX102;2026-07-12;2026-07-20;8;United Kingdom;No;4835-2426-9090-2863;Belgian;;;;;;;;;;;;;;
ID51106699;Samuel;Brown;American;EK316;2026-07-05;2026-07-14;9;Mozambique;No;4225-3289-7482-3579;Mozambique;;;;;;;;;;;;;;
ID16803971;Madison;Rodriguez;French;KL721;2026-07-30;2026-08-02;3;Myanmar;No;4510-8599-7249-5407;Myanmar;;;;;;;;;;;;;;
ID38419132;Matthew;Martin;Dutch;UA305;2026-07-25;2026-07-28;3;Brazil;Yes;4809-8032-6223-1360;Brazil;;;;;;;;;;;;;;
ID20535292;Sebastian;Young;Dutch;BA833;2026-08-14;2026-08-21;7;Papua New Guinea;Yes;4460-9220-1094-1388;Dutch;;;;;;;;;;;;;;
ID62382935;Sebastian;Allen;Dutch;LH267;2026-08-11;2026-08-12;1;Myanmar;Yes;4574-1205-4032-5334;Myanmar;;;;;;;;;;;;;;
ID95910715;Oliver;White;Japanese;KL252;2026-07-07;2026-07-15;8;Brazil;Yes;4983-4693-3229-4047;Brazil;;;;;;;;;;;;;;
ID63229951;Mason;Williams;Spanish;QR327;2026-08-18;2026-08-20;2;Spain;No;4456-1738-9286-6240;Spain;;;;;;;;;;;;;;
ID18338058;Emily;Gonzalez;Japanese;AA274;2026-07-14;2026-07-19;5;United Kingdom;No;4848-3677-6354-3892;Japanese;;;;;;;;;;;;;;
ID70593620;Mia;Ramirez;Dutch;CX420;2026-07-07;2026-07-15;8;Papua New Guinea;Yes;4544-1341-4667-4767;Dutch;;;;;;;;;;;;;;
ID74847531;Abigail;Smith;Swiss;BA892;2026-06-23;2026-07-01;8;France;No;4475-5759-6703-1946;France;;;;;;;;;;;;;;
ID34250268;Ella;Robinson;Danish;KL113;2026-08-12;2026-08-14;2;Italy;No;4001-1364-8123-4348;Italy;;;;;;;;;;;;;;
ID42370853;Noah;Sanchez;Swedish;DL387;2026-06-30;2026-07-01;1;Congo;Yes;4029-4382-2001-4926;Congo;;;;;;;;;;;;;;
ID41260734;Sienna;Davis;Swiss;EK951;2026-07-09;2026-07-10;1;Italy;Yes;4025-7136-5474-6892;Swiss;;;;;;;;;;;;;;
ID23002281;Sienna;Scott;British;DL639;2026-08-17;2026-08-21;4;Sri Lanka;Yes;4993-1218-2815-7107;Sri Lanka;;;;;;;;;;;;;;
ID96778155;Mia;Smith;French;DL545;2026-06-21;2026-07-01;10;Myanmar;No;4233-8809-9396-2953;Myanmar;;;;;;;;;;;;;;
ID15580725;Camila;Martin;Polish;BA885;2026-07-29;2026-08-01;3;France;No;4226-4654-7036-1732;France;;;;;;;;;;;;;;
ID62022197;Oliver;Smith;Danish;QF760;2026-08-08;2026-08-09;1;South Africa;Yes;4268-3006-8779-7859;South Africa;;;;;;;;;;;;;;
ID88693044;Ethan;Ramirez;Canadian;SQ959;2026-06-19;2026-06-25;6;Italy;Yes;4607-9986-4841-7356;Canadian;;;;;;;;;;;;;;
ID38435823;Isabella;Anderson;American;AA730;2026-08-21;2026-08-28;7;South Africa;Yes;4508-4191-9318-3415;American;;;;;;;;;;;;;;
ID74323178;Lucas;Davis;Norwegian;EY665;2026-08-17;2026-08-21;4;Mozambique;Yes;4727-7086-6308-5531;Norwegian;;;;;;;;;;;;;;
ID76849474;Jack;Jackson;Spanish;BA959;2026-08-12;2026-08-15;3;Australia;Yes;4728-9947-6192-9270;Spanish;;;;;;;;;;;;;;
ID39955551;Elijah;Hernandez;Belgian;QR659;2026-08-19;2026-08-20;1;France;Yes;4492-6408-4542-7866;Belgian;;;;;;;;;;;;;;
ID11694835;Ella;Robinson;Polish;QR884;2026-06-18;2026-06-27;9;Lesotho;No;4363-3040-2108-8565;Polish;;;;;;;;;;;;;;
ID96047541;Jack;Jones;Italian;BA839;2026-06-22;2026-06-28;6;United Kingdom;No;4068-3246-2028-2548;Italian;;;;;;;;;;;;;;
ID77225756;Camila;Johnson;Italian;AF942;2026-08-12;2026-08-13;1;Papua New Guinea;Yes;4719-2314-4324-4568;Papua New Guinea;;;;;;;;;;;;;;
ID66187112;Alexander;Garcia;German;UA416;2026-08-16;2026-08-19;3;Italy;No;4260-6744-9839-1068;Italy;;;;;;;;;;;;;;
ID83408747;Liam;Jones;Australian;BA225;2026-08-08;2026-08-12;4;South Africa;Yes;4030-1928-4576-8819;South Africa;;;;;;;;;;;;;;
ID17494652;Oliver;Jones;Spanish;CX815;2026-06-30;2026-07-10;10;Congo;No;4311-8896-7065-6774;Congo;;;;;;;;;;;;;;
ID53942710;Evelyn;Scott;Italian;SQ752;2026-06-24;2026-07-03;9;United Kingdom;Yes;4349-6934-1733-5338;United Kingdom;;;;;;;;;;;;;;
ID80928147;Sebastian;Martinez;Danish;KL368;2026-07-02;2026-07-10;8;Mozambique;Yes;4270-8593-6318-4945;Mozambique;;;;;;;;;;;;;;
ID69877009;Charlotte;Jones;Italian;JL191;2026-06-18;2026-06-21;3;Brazil;Yes;4771-3922-7533-1870;Italian;;;;;;;;;;;;;;
ID95735716;Jack;Thompson;Japanese;QR623;2026-07-26;2026-07-29;3;Sri Lanka;Yes;4556-1759-3662-4213;Japanese;;;;;;;;;;;;;;
ID94452387;Emily;White;Mexican;EK757;2026-07-17;2026-07-18;1;Italy;No;4534-9416-3572-4295;Italy;;;;;;;;;;;;;;
ID22814092;Scarlett;Johnson;Belgian;SQ541;2026-06-20;2026-06-22;2;Spain;Yes;4203-8080-4162-1253;Belgian;;;;;;;;;;;;;;
ID39091451;Aiden;Thompson;Canadian;KL518;2026-08-13;2026-08-20;7;Italy;No;4556-8721-4032-3835;Italy;;;;;;;;;;;;;;
ID59485714;Daniel;Johnson;American;DL634;2026-06-30;2026-07-01;1;Germany;No;4666-5975-1346-5497;American;;;;;;;;;;;;;;
ID37685799;Noah;Hill;German;EK943;2026-06-29;2026-07-07;8;Japan;Yes;4890-2300-9241-8693;German;;;;;;;;;;;;;;